state,year,is_weekend,is_summer,n_incidents_per_day
Alabama,2014,0,0,0.07101084219297438
Alabama,2014,0,1,0.08261392098267606
Alabama,2014,1,0,0.0742408884506481
Alabama,2014,1,1,0.09004917387111691
Alabama,2015,0,0,0.05737617093523833
Alabama,2015,0,1,0.05540668443876612
Alabama,2015,1,0,0.05770403476915398
Alabama,2015,1,1,0.07470611644220827
Alabama,2016,0,0,0.07213097718441065
Alabama,2016,0,1,0.07044745340461335
Alabama,2016,1,0,0.07745664487529587
Alabama,2016,1,1,0.053459167990295105
Alabama,2017,0,0,0.07704031048476025
Alabama,2017,0,1,0.08430376043751074
Alabama,2017,1,0,0.07549513938495259
Alabama,2017,1,1,0.08288053345521969
Alaska,2014,0,0,0.14835432738603122
Alaska,2014,0,1,0.14816437306159327
Alaska,2014,1,0,0.1794729161787752
Alaska,2014,1,1,0.15845356563531504
Alaska,2015,0,0,0.21324119830149676
Alaska,2015,0,1,0.20678022177687258
Alaska,2015,1,0,0.22137728661291148
Alaska,2015,1,1,0.2280437617211412
Alaska,2016,0,0,0.21902850607453445
Alaska,2016,0,1,0.24405005954821454
Alaska,2016,1,0,0.23826992655891469
Alaska,2016,1,1,0.22253512008804296
Alaska,2017,0,0,0.20077714138860148
Alaska,2017,0,1,0.22531656978054168
Alaska,2017,1,0,0.1919697174530215
Alaska,2017,1,1,0.19085638851998823
Arizona,2014,0,0,0.027920940822984904
Arizona,2014,0,1,0.030031984601014545
Arizona,2014,1,0,0.027014416770290595
Arizona,2014,1,1,0.03241730012434871
Arizona,2015,0,0,0.025623470278824355
Arizona,2015,0,1,0.026900387402353804
Arizona,2015,1,0,0.027485827767761463
Arizona,2015,1,1,0.028586728746443496
Arizona,2016,0,0,0.026290139595845932
Arizona,2016,0,1,0.02646183030341064
Arizona,2016,1,0,0.028138665036178852
Arizona,2016,1,1,0.031088781917866654
Arizona,2017,0,0,0.02531537135132134
Arizona,2017,0,1,0.02866078409519555
Arizona,2017,1,0,0.02950202498350371
Arizona,2017,1,1,0.021632705752314928
Arkansas,2014,0,0,0.06245663981480482
Arkansas,2014,0,1,0.07076921417864576
Arkansas,2014,1,0,0.05883155012429793
Arkansas,2014,1,1,0.05675726450417704
Arkansas,2015,0,0,0.06350818884806715
Arkansas,2015,0,1,0.06093974357749825
Arkansas,2015,1,0,0.0652925824044624
Arkansas,2015,1,1,0.06715808475887561
Arkansas,2016,0,0,0.07460971273356765
Arkansas,2016,0,1,0.06941567287508243
Arkansas,2016,1,0,0.07246575547110878
Arkansas,2016,1,1,0.0877950498976895
Arkansas,2017,0,0,0.08133608334224274
Arkansas,2017,0,1,0.07567228828002
Arkansas,2017,1,0,0.07965178944773094
Arkansas,2017,1,1,0.08884905489594387
California,2014,0,0,0.022604078361168765
California,2014,0,1,0.026586382117069866
California,2014,1,0,0.02839870174540884
California,2014,1,1,0.025812809779386228
California,2015,0,0,0.021430177660689304
California,2015,0,1,0.020322426034223736
California,2015,1,0,0.020885440489636947
California,2015,1,1,0.021445460187308606
California,2016,0,0,0.023227228844634896
California,2016,0,1,0.021446561920807194
California,2016,1,0,0.025273073270149524
California,2016,1,1,0.0248442315291402
California,2017,0,0,0.026473798324084842
California,2017,0,1,0.03637888361992537
California,2017,1,0,0.030167355530672287
California,2017,1,1,0.03987019039956656
Colorado,2014,0,0,0.03710140062804492
Colorado,2014,0,1,0.0414945437478657
Colorado,2014,1,0,0.03917970606823771
Colorado,2014,1,1,0.0363987225858471
Colorado,2015,0,0,0.04694887559055404
Colorado,2015,0,1,0.04696710816359891
Colorado,2015,1,0,0.042169628365171595
Colorado,2015,1,1,0.03975080769054595
Colorado,2016,0,0,0.042335046387729704
Colorado,2016,0,1,0.03878073243497767
Colorado,2016,1,0,0.047453861757874145
Colorado,2016,1,1,0.047879959760425944
Colorado,2017,0,0,0.04143783749991756
Colorado,2017,0,1,0.044230109083540685
Colorado,2017,1,0,0.04418216080326879
Colorado,2017,1,1,0.039915286931218305
Connecticut,2014,0,0,0.05335645130652053
Connecticut,2014,0,1,0.07062024174721154
Connecticut,2014,1,0,0.05611984728187501
Connecticut,2014,1,1,0.07081478786772728
Connecticut,2015,0,0,0.062201675883898015
Connecticut,2015,0,1,0.06335795862887499
Connecticut,2015,1,0,0.06929550446609527
Connecticut,2015,1,1,0.07151185243502584
Connecticut,2016,0,0,0.06556907193299108
Connecticut,2016,0,1,0.08046944893528753
Connecticut,2016,1,0,0.05977654007734432
Connecticut,2016,1,1,0.08943191450532553
Connecticut,2017,0,0,0.06856412998975457
Connecticut,2017,0,1,0.0702005620095723
Connecticut,2017,1,0,0.06692151108139309
Connecticut,2017,1,1,0.06570475633445869
Delaware,2014,0,0,0.1868577516280916
Delaware,2014,0,1,0.226395768639253
Delaware,2014,1,0,0.18650452336414433
Delaware,2014,1,1,0.25469523971915964
Delaware,2015,0,0,0.17299496671144354
Delaware,2015,0,1,0.1995266709114886
Delaware,2015,1,0,0.1726423954477653
Delaware,2015,1,1,0.20489427152042478
Delaware,2016,0,0,0.15721048208317917
Delaware,2016,0,1,0.13436313454966217
Delaware,2016,1,0,0.15131896500313893
Delaware,2016,1,1,0.19100641676177468
Delaware,2017,0,0,0.1642339880446615
Delaware,2017,0,1,0.1619944336622343
Delaware,2017,1,0,0.15996817017337156
Delaware,2017,1,1,0.19409471314369087
District of Columbia,2014,0,0,0.40490786767555975
District of Columbia,2014,0,1,0.45555093236437905
District of Columbia,2014,1,0,0.3774564868161998
District of Columbia,2014,1,1,0.40262025260394646
District of Columbia,2015,0,0,0.3097879319377691
District of Columbia,2015,0,1,0.3322331120853406
District of Columbia,2015,1,0,0.30669656076822205
District of Columbia,2015,1,1,0.35066938890014493
District of Columbia,2016,0,0,0.27579928526163094
District of Columbia,2016,0,1,0.32286924524627114
District of Columbia,2016,1,0,0.2566289742860684
District of Columbia,2016,1,1,0.3402278068186513
District of Columbia,2017,0,0,0.49041089540773936
District of Columbia,2017,0,1,0.6847062071890345
District of Columbia,2017,1,0,0.4217197082131332
District of Columbia,2017,1,1,0.5468365505550391
Florida,2014,0,0,0.04015632114394769
Florida,2014,0,1,0.04023305044860569
Florida,2014,1,0,0.040768645444943755
Florida,2014,1,1,0.03975070173845327
Florida,2015,0,0,0.032724965695334146
Florida,2015,0,1,0.03658728302875215
Florida,2015,1,0,0.03254445746078946
Florida,2015,1,1,0.038824966795327785
Florida,2016,0,0,0.050352918042342786
Florida,2016,0,1,0.05366168192555997
Florida,2016,1,0,0.05410003724348501
Florida,2016,1,1,0.055042406703894965
Florida,2017,0,0,0.052323575698036626
Florida,2017,0,1,0.04654529616424305
Florida,2017,1,0,0.051988815941294036
Florida,2017,1,1,0.04696782871422901
Georgia,2014,0,0,0.05196223642278404
Georgia,2014,0,1,0.057153941252502956
Georgia,2014,1,0,0.05134288701306518
Georgia,2014,1,1,0.06107061062730311
Georgia,2015,0,0,0.0675001434034438
Georgia,2015,0,1,0.07889516966884075
Georgia,2015,1,0,0.06839489817590504
Georgia,2015,1,1,0.08048681387551256
Georgia,2016,0,0,0.04787410050752696
Georgia,2016,0,1,0.02912087005394156
Georgia,2016,1,0,0.04629471649600966
Georgia,2016,1,1,0.03397434839626515
Georgia,2017,0,0,0.0472287301811438
Georgia,2017,0,1,0.054869741997815746
Georgia,2017,1,0,0.048275520810973575
Georgia,2017,1,1,0.0550488719451663
Hawaii,2014,0,0,0.07069445995795093
Hawaii,2014,0,1,0.0989722439411313
Hawaii,2014,1,0,0.08079366852337248
Hawaii,2014,1,1,0.07069445995795093
Hawaii,2015,0,0,0.07433925462239475
Hawaii,2015,0,1,0.08438509984163729
Hawaii,2015,1,0,0.07032091653469776
Hawaii,2015,1,1,0.08438509984163729
Hawaii,2016,0,0,0.07530336749654479
Hawaii,2016,0,1,0.07004964418283237
Hawaii,2016,1,0,0.09106453743768209
Hawaii,2016,1,1,0.07004964418283237
Hawaii,2017,0,0,0.07560575465640992
Hawaii,2017,0,1,0.09180698779706918
Hawaii,2017,1,0,0.07020534360952349
Hawaii,2017,1,1,0.07020534360952349
Idaho,2014,0,0,0.06881495443549165
Idaho,2014,0,1,0.07356944219648925
Idaho,2014,1,0,0.07050404877163553
Idaho,2014,1,1,0.06130786849707439
Idaho,2015,0,0,0.07636732334928015
Idaho,2015,0,1,0.08299947914461993
Idaho,2015,1,0,0.07100980601562078
Idaho,2015,1,1,0.06056718748391184
Idaho,2016,0,0,0.0713275241027592
Idaho,2016,0,1,0.07024680404059618
Idaho,2016,1,0,0.07076143264162617
Idaho,2016,1,1,0.08491371916995141
Idaho,2017,0,0,0.07374137541249082
Idaho,2017,0,1,0.06237522356319712
Idaho,2017,1,0,0.06581038080290942
Idaho,2017,1,1,0.06468541702850072
Illinois,2014,0,0,0.05372877623024153
Illinois,2014,0,1,0.07438876628374422
Illinois,2014,1,0,0.06743231331113836
Illinois,2014,1,1,0.08594885397565953
Illinois,2015,0,0,0.061891306230922684
Illinois,2015,0,1,0.07364305964039859
Illinois,2015,1,0,0.0781658764724674
Illinois,2015,1,1,0.1022936087509586
Illinois,2016,0,0,0.08971990076978975
Illinois,2016,0,1,0.1089598794903733
Illinois,2016,1,0,0.11650620025806656
Illinois,2016,1,1,0.14759983675458055
Illinois,2017,0,0,0.09281057407567427
Illinois,2017,0,1,0.10777770287484323
Illinois,2017,1,0,0.11738165659636393
Illinois,2017,1,1,0.1387511376690353
Indiana,2014,0,0,0.05055373528406043
Indiana,2014,0,1,0.04423451837355287
Indiana,2014,1,0,0.04980226084064872
Indiana,2014,1,1,0.05133148505766136
Indiana,2015,0,0,0.050824472955478824
Indiana,2015,0,1,0.05319199523201629
Indiana,2015,1,0,0.056148446872634254
Indiana,2015,1,1,0.06402086959291084
Indiana,2016,0,0,0.05894403264893308
Indiana,2016,0,1,0.06217683120942302
Indiana,2016,1,0,0.06149853850532023
Indiana,2016,1,1,0.06029268480913748
Indiana,2017,0,0,0.05878541066391316
Indiana,2017,0,1,0.05937336570704038
Indiana,2017,1,0,0.05851694582286203
Indiana,2017,1,1,0.05892206314009723
Iowa,2014,0,0,0.06326419551217762
Iowa,2014,0,1,0.059071339472158195
Iowa,2014,1,0,0.06037252102388411
Iowa,2014,1,1,0.06968230230326809
Iowa,2015,0,0,0.06227769570359716
Iowa,2015,0,1,0.07009061314467344
Iowa,2015,1,0,0.0738097069033704
Iowa,2015,1,1,0.0720932020916641
Iowa,2016,0,0,0.06427402654773584
Iowa,2016,0,1,0.0632672422230294
Iowa,2016,1,0,0.07451475195156797
Iowa,2016,1,1,0.08047593210769341
Iowa,2017,0,0,0.06036993599140332
Iowa,2017,0,1,0.05729655743184098
Iowa,2017,1,0,0.06415255575701852
Iowa,2017,1,1,0.07335066531129399
Kansas,2014,0,0,0.05382651082308652
Kansas,2014,0,1,0.06723036743981589
Kansas,2014,1,0,0.06520671089480472
Kansas,2014,1,1,0.059960193926257205
Kansas,2015,0,0,0.05859535954128241
Kansas,2015,0,1,0.06133746917733196
Kansas,2015,1,0,0.05893019016723259
Kansas,2015,1,1,0.06513336807957285
Kansas,2016,0,0,0.06366996422114456
Kansas,2016,0,1,0.07140304916886717
Kansas,2016,1,0,0.06589266847983766
Kansas,2016,1,1,0.07557945393157449
Kansas,2017,0,0,0.06520232364010299
Kansas,2017,0,1,0.06384747016186709
Kansas,2017,1,0,0.06928772797447588
Kansas,2017,1,1,0.06563341338317806
Kentucky,2014,0,0,0.06005160837904971
Kentucky,2014,0,1,0.07371952893021357
Kentucky,2014,1,0,0.059581537080583565
Kentucky,2014,1,1,0.07841560469139304
Kentucky,2015,0,0,0.05565499759054708
Kentucky,2015,0,1,0.06622346083120695
Kentucky,2015,1,0,0.056142384975618596
Kentucky,2015,1,1,0.07320419270235537
Kentucky,2016,0,0,0.0633944106400751
Kentucky,2016,0,1,0.06020201514944633
Kentucky,2016,1,0,0.06512601238309086
Kentucky,2016,1,1,0.0675952450800801
Kentucky,2017,0,0,0.06764104707177597
Kentucky,2017,0,1,0.057071667890553235
Kentucky,2017,1,0,0.06442606448290127
Kentucky,2017,1,1,0.06850441168411245
Louisiana,2014,0,0,0.10019028243315947
Louisiana,2014,0,1,0.12213305604441675
Louisiana,2014,1,0,0.10908215531877734
Louisiana,2014,1,1,0.1355787827531124
Louisiana,2015,0,0,0.0967012307985126
Louisiana,2015,0,1,0.09696543696682615
Louisiana,2015,1,0,0.09575611745816957
Louisiana,2015,1,1,0.09152349917787161
Louisiana,2016,0,0,0.1149921321100648
Louisiana,2016,0,1,0.11790221958109375
Louisiana,2016,1,0,0.1129093384874802
Louisiana,2016,1,1,0.11921252971372304
Louisiana,2017,0,0,0.11725968487341634
Louisiana,2017,0,1,0.09050890529771007
Louisiana,2017,1,0,0.10924951403180992
Louisiana,2017,1,1,0.10962282895412971
Maine,2014,0,0,0.09272861172842609
Maine,2014,0,1,0.0892512887886101
Maine,2014,1,0,0.09940381230106661
Maine,2014,1,1,0.10647522171272784
Maine,2015,0,0,0.11117868207074444
Maine,2015,0,1,0.08555267231642827
Maine,2015,1,0,0.1035187335028782
Maine,2015,1,1,0.10628661407782147
Maine,2016,0,0,0.09864314900569832
Maine,2016,0,1,0.10360495245141363
Maine,2016,1,0,0.09883367174641432
Maine,2016,1,1,0.15022718105454974
Maine,2017,0,0,0.0936601798874879
Maine,2017,0,1,0.1009901070091174
Maine,2017,1,0,0.10578090904939812
Maine,2017,1,1,0.10822954120331935
Maryland,2014,0,0,0.05788020195941655
Maryland,2014,0,1,0.06740295224156072
Maryland,2014,1,0,0.056833195362958014
Maryland,2014,1,1,0.05975878601033391
Maryland,2015,0,0,0.057597161505547785
Maryland,2015,0,1,0.059667389151237114
Maryland,2015,1,0,0.060419361726841744
Maryland,2015,1,1,0.0765731494107543
Maryland,2016,0,0,0.058032375864865766
Maryland,2016,0,1,0.06717591049566884
Maryland,2016,1,0,0.05170296690509746
Maryland,2016,1,1,0.06529716958424525
Maryland,2017,0,0,0.06975796381286024
Maryland,2017,0,1,0.07253198060167933
Maryland,2017,1,0,0.07164482146162915
Maryland,2017,1,1,0.06512554596277546
Massachusetts,2014,0,0,0.03679808385901563
Massachusetts,2014,0,1,0.04905601809512674
Massachusetts,2014,1,0,0.04028981889734978
Massachusetts,2014,1,1,0.06426753640397631
Massachusetts,2015,0,0,0.050406480070961684
Massachusetts,2015,0,1,0.0622700508544787
Massachusetts,2015,1,0,0.056420440016633724
Massachusetts,2015,1,1,0.0634022335972874
Massachusetts,2016,0,0,0.058620014514315595
Massachusetts,2016,0,1,0.06222370393117926
Massachusetts,2016,1,0,0.06832657535921849
Massachusetts,2016,1,1,0.07327501814289449
Massachusetts,2017,0,0,0.0662975543478893
Massachusetts,2017,0,1,0.07178416747574048
Massachusetts,2017,1,0,0.07614934235624908
Massachusetts,2017,1,1,0.0784953499971411
Michigan,2014,0,0,0.038387576093705036
Michigan,2014,0,1,0.04075465203495562
Michigan,2014,1,0,0.03577730070941034
Michigan,2014,1,1,0.0395366165315514
Michigan,2015,0,0,0.033637515000229344
Michigan,2015,0,1,0.03634191073747082
Michigan,2015,1,0,0.03341659098866757
Michigan,2015,1,1,0.04027501796014082
Michigan,2016,0,0,0.03223379651791479
Michigan,2016,0,1,0.03383390427209319
Michigan,2016,1,0,0.04257153796612386
Michigan,2016,1,1,0.03749301653914364
Michigan,2017,0,0,0.03433143392804154
Michigan,2017,0,1,0.03294572072187569
Michigan,2017,1,0,0.04267884891730162
Michigan,2017,1,1,0.03730028554772361
Minnesota,2014,0,0,0.030004944348430526
Minnesota,2014,0,1,0.0418744379902066
Minnesota,2014,1,0,0.034348069905644645
Minnesota,2014,1,1,0.03129439791537008
Minnesota,2015,0,0,0.0288022282325432
Minnesota,2015,0,1,0.0290993940793869
Minnesota,2015,1,0,0.02912225299068257
Minnesota,2015,1,1,0.030931088580165956
Minnesota,2016,0,0,0.034784386739254027
Minnesota,2016,0,1,0.03356408583460262
Minnesota,2016,1,0,0.03382239930552433
Minnesota,2016,1,1,0.036213882084702824
Minnesota,2017,0,0,0.04377504555704416
Minnesota,2017,0,1,0.045246396906317536
Minnesota,2017,1,0,0.052737380075342594
Minnesota,2017,1,1,0.043835773943944105
Mississippi,2014,0,0,0.07877791104465574
Mississippi,2014,0,1,0.07903901207558027
Mississippi,2014,1,0,0.08135301300316614
Mississippi,2014,1,1,0.09195885058793474
Mississippi,2015,0,0,0.06736705937961529
Mississippi,2015,0,1,0.07027004779367109
Mississippi,2015,1,0,0.07600637822580748
Mississippi,2015,1,1,0.08061282539100795
Mississippi,2016,0,0,0.08756135735639234
Mississippi,2016,0,1,0.08725558753705255
Mississippi,2016,1,0,0.06740062507618595
Mississippi,2016,1,1,0.07566654881116647
Mississippi,2017,0,0,0.09465349895994846
Mississippi,2017,0,1,0.1051646855073981
Mississippi,2017,1,0,0.08939711732752362
Mississippi,2017,1,1,0.10646837995583691
Missouri,2014,0,0,0.05536376059567677
Missouri,2014,0,1,0.06365109204873648
Missouri,2014,1,0,0.05802132902582987
Missouri,2014,1,1,0.08194843836059237
Missouri,2015,0,0,0.0671657609393827
Missouri,2015,0,1,0.08184206366866603
Missouri,2015,1,0,0.07037081466585272
Missouri,2015,1,1,0.09185061325043788
Missouri,2016,0,0,0.06632080670195481
Missouri,2016,0,1,0.06995186596205
Missouri,2016,1,0,0.06549900711932603
Missouri,2016,1,1,0.07688345995283495
Missouri,2017,0,0,0.06935521516058767
Missouri,2017,0,1,0.07507553846229424
Missouri,2017,1,0,0.08146311400982527
Missouri,2017,1,1,0.087546139649823
Montana,2014,0,0,0.11135781929804688
Montana,2014,0,1,0.11253888707848071
Montana,2014,1,0,0.1204429560706148
Montana,2014,1,1,0.13344532064641978
Montana,2015,0,0,0.11184573841008816
Montana,2015,0,1,0.09704262597345883
Montana,2015,1,0,0.10744005018490087
Montana,2015,1,1,0.1091729542201412
Montana,2016,0,0,0.11151503572667247
Montana,2016,0,1,0.11894937144178397
Montana,2016,1,0,0.12297535016750588
Montana,2016,1,1,0.1494492102730106
Montana,2017,0,0,0.11370468202547976
Montana,2017,0,1,0.11693969405360195
Montana,2017,1,0,0.11198019810043579
Montana,2017,1,1,0.13724172427124118
Nebraska,2014,0,0,0.08223472974837961
Nebraska,2014,0,1,0.10771923710225337
Nebraska,2014,1,0,0.08741759086697498
Nebraska,2014,1,1,0.10642141496849128
Nebraska,2015,0,0,0.079311491653523
Nebraska,2015,0,1,0.0876600697223149
Nebraska,2015,1,0,0.08605037656526024
Nebraska,2015,1,1,0.12244581167561444
Nebraska,2016,0,0,0.08369092126676606
Nebraska,2016,0,1,0.08246302358022661
Nebraska,2016,1,0,0.08587058653808723
Nebraska,2016,1,1,0.09839338040822494
Nebraska,2017,0,0,0.09227067047559993
Nebraska,2017,0,1,0.09547593397327414
Nebraska,2017,1,0,0.10237957842980319
Nebraska,2017,1,1,0.10438702114411307
Nevada,2014,0,0,0.055454446080178084
Nevada,2014,0,1,0.06253148967517223
Nevada,2014,1,0,0.06116507414460493
Nevada,2014,1,1,0.05205324005392715
Nevada,2015,0,0,0.061711489823493594
Nevada,2015,0,1,0.05788663337744913
Nevada,2015,1,0,0.06405311157173683
Nevada,2015,1,1,0.059296692395617766
Nevada,2016,0,0,0.0657899448014772
Nevada,2016,0,1,0.0578393679930819
Nevada,2016,1,0,0.0653168544212581
Nevada,2016,1,1,0.06855036206587484
Nevada,2017,0,0,0.056030832636060755
Nevada,2017,0,1,0.05359891089761718
Nevada,2017,1,0,0.06140026067381636
Nevada,2017,1,1,0.05050666603813927
New Hampshire,2014,0,0,0.10227213920792681
New Hampshire,2014,0,1,0.11249935312871952
New Hampshire,2014,1,0,0.11015561660520452
New Hampshire,2014,1,1,0.1249992812541328
New Hampshire,2015,0,0,0.0930820847101725
New Hampshire,2015,0,1,0.10226861725346405
New Hampshire,2015,1,0,0.08843627656064519
New Hampshire,2015,1,1,0.11224604332697273
New Hampshire,2016,0,0,0.10709174577797775
New Hampshire,2016,0,1,0.09777942005815361
New Hampshire,2016,1,0,0.1187950740474865
New Hampshire,2016,1,1,0.11174790863788985
New Hampshire,2017,0,0,0.09179323630011545
New Hampshire,2017,0,1,0.11282279043576064
New Hampshire,2017,1,0,0.09679479084210892
New Hampshire,2017,1,1,0.08649747266741649
New Jersey,2014,0,0,0.04592505804164487
New Jersey,2014,0,1,0.05518973314766096
New Jersey,2014,1,0,0.04274038816931756
New Jersey,2014,1,1,0.05389773031017204
New Jersey,2015,0,0,0.0339556890139709
New Jersey,2015,0,1,0.03319139776756829
New Jersey,2015,1,0,0.040626527351785596
New Jersey,2015,1,1,0.03221875607474577
New Jersey,2016,0,0,0.03537574959991133
New Jersey,2016,0,1,0.03434713584201338
New Jersey,2016,1,0,0.041767562428262954
New Jersey,2016,1,1,0.04942735761406896
New Jersey,2017,0,0,0.038276517355098065
New Jersey,2017,0,1,0.0451956751668924
New Jersey,2017,1,0,0.043263125635861065
New Jersey,2017,1,1,0.038957050501106705
New Mexico,2014,0,0,0.06797838335266167
New Mexico,2014,0,1,0.07831109762226625
New Mexico,2014,1,0,0.0770377464414164
New Mexico,2014,1,1,0.0813565291964655
New Mexico,2015,0,0,0.07497144636223145
New Mexico,2015,0,1,0.09016077368985738
New Mexico,2015,1,0,0.08452424515342816
New Mexico,2015,1,1,0.07777758100714549
New Mexico,2016,0,0,0.07410488470714229
New Mexico,2016,0,1,0.07543292923594411
New Mexico,2016,1,0,0.07840774898046021
New Mexico,2016,1,1,0.08964300569412371
New Mexico,2017,0,0,0.0751789212060753
New Mexico,2017,0,1,0.09444616442699443
New Mexico,2017,1,0,0.09474296494371226
New Mexico,2017,1,1,0.09812827610056146
New York,2014,0,0,0.023243377834779037
New York,2014,0,1,0.026696558774820855
New York,2014,1,0,0.02775701925401262
New York,2014,1,1,0.03562150804264953
New York,2015,0,0,0.03627400068134699
New York,2015,0,1,0.03754216875925482
New York,2015,1,0,0.04220306666555308
New York,2015,1,1,0.05283536939582379
New York,2016,0,0,0.030795202173323204
New York,2016,0,1,0.033145980965179934
New York,2016,1,0,0.03810344611357654
New York,2016,1,1,0.040159137694219194
New York,2017,0,0,0.02482523811514025
New York,2017,0,1,0.026915990164191807
New York,2017,1,0,0.03115210532707964
New York,2017,1,1,0.03494795009382464
North Carolina,2014,0,0,0.05448940609130678
North Carolina,2014,0,1,0.05715280035827526
North Carolina,2014,1,0,0.057491103198792796
North Carolina,2014,1,1,0.06711710972516517
North Carolina,2015,0,0,0.046449863401024576
North Carolina,2015,0,1,0.046468330935306744
North Carolina,2015,1,0,0.05124807674658417
North Carolina,2015,1,1,0.05942732091561506
North Carolina,2016,0,0,0.05070236767835969
North Carolina,2016,0,1,0.05529790100378871
North Carolina,2016,1,0,0.05385001075728757
North Carolina,2016,1,1,0.06400921417561845
North Carolina,2017,0,0,0.054251599357671876
North Carolina,2017,0,1,0.047172186295344094
North Carolina,2017,1,0,0.06163780977750147
North Carolina,2017,1,1,0.050941279096113526
North Dakota,2014,0,0,0.16951428056105158
North Dakota,2014,0,1,0.1754971375220299
North Dakota,2014,1,0,0.16951428056105158
North Dakota,2014,1,1,0.15821332852364817
North Dakota,2015,0,0,0.1633998691285454
North Dakota,2015,0,1,0.17297528679014257
North Dakota,2015,1,0,0.18787038093040487
North Dakota,2015,1,1,0.16576798317388663
North Dakota,2016,0,0,0.15905963941179743
North Dakota,2016,0,1,0.15062465853389911
North Dakota,2016,1,0,0.17420817649863532
North Dakota,2016,1,1,0.17673293267977494
North Dakota,2017,0,0,0.15715653361001264
North Dakota,2017,0,1,0.1450757932712838
North Dakota,2017,1,0,0.15453725804984578
North Dakota,2017,1,1,0.17030636601411575
Ohio,2014,0,0,0.05108365581574403
Ohio,2014,0,1,0.057015906775014565
Ohio,2014,1,0,0.05473423729519293
Ohio,2014,1,1,0.06128841658502858
Ohio,2015,0,0,0.046026579142595135
Ohio,2015,0,1,0.04825519756537348
Ohio,2015,1,0,0.04739815544645178
Ohio,2015,1,1,0.05760526911026497
Ohio,2016,0,0,0.051837167247143996
Ohio,2016,0,1,0.05077793045684733
Ohio,2016,1,0,0.05875215450406583
Ohio,2016,1,1,0.06876178082698076
Ohio,2017,0,0,0.060080545703775495
Ohio,2017,0,1,0.0579249476086002
Ohio,2017,1,0,0.061338880105125074
Ohio,2017,1,1,0.059046501263892014
Oklahoma,2014,0,0,0.051570488993955166
Oklahoma,2014,0,1,0.06599274439056975
Oklahoma,2014,1,0,0.04782746963149068
Oklahoma,2014,1,1,0.07529291393117453
Oklahoma,2015,0,0,0.06262910470609664
Oklahoma,2015,0,1,0.07076778786716119
Oklahoma,2015,1,0,0.05580811310444256
Oklahoma,2015,1,1,0.07247303576757472
Oklahoma,2016,0,0,0.06280441182643773
Oklahoma,2016,0,1,0.07357731400864799
Oklahoma,2016,1,0,0.0693939884630058
Oklahoma,2016,1,1,0.06865575454318658
Oklahoma,2017,0,0,0.06443982964822297
Oklahoma,2017,0,1,0.059352474675994846
Oklahoma,2017,1,0,0.061721586060120674
Oklahoma,2017,1,1,0.05290849171117254
Oregon,2014,0,0,0.0402404592350836
Oregon,2014,0,1,0.040759151225223965
Oregon,2014,1,0,0.03865305526525799
Oregon,2014,1,1,0.04816990599344651
Oregon,2015,0,0,0.05159486462553751
Oregon,2015,0,1,0.05967818363445943
Oregon,2015,1,0,0.06047552832844501
Oregon,2015,1,1,0.061216649999136744
Oregon,2016,0,0,0.04560535873438755
Oregon,2016,0,1,0.043806288023858005
Oregon,2016,1,0,0.04613955617816703
Oregon,2016,1,1,0.051473728889722986
Oregon,2017,0,0,0.045385309117629447
Oregon,2017,0,1,0.04002622306231508
Oregon,2017,1,0,0.045585420709858854
Oregon,2017,1,1,0.049607663713669925
Pennsylvania,2014,0,0,0.043315072251569116
Pennsylvania,2014,0,1,0.054737477883126565
Pennsylvania,2014,1,0,0.04580074680016713
Pennsylvania,2014,1,1,0.054158245312934755
Pennsylvania,2015,0,0,0.03458690012675964
Pennsylvania,2015,0,1,0.03202038103608137
Pennsylvania,2015,1,0,0.0426642134554311
Pennsylvania,2015,1,1,0.039108862334145185
Pennsylvania,2016,0,0,0.04011965888861825
Pennsylvania,2016,0,1,0.0494675394096663
Pennsylvania,2016,1,0,0.043969114766791995
Pennsylvania,2016,1,1,0.05927679600793346
Pennsylvania,2017,0,0,0.04268444299721374
Pennsylvania,2017,0,1,0.03921873874275573
Pennsylvania,2017,1,0,0.04902570199797421
Pennsylvania,2017,1,1,0.05004832400283993
Rhode Island,2014,0,0,0.11592917857090607
Rhode Island,2014,0,1,0.18602317889395895
Rhode Island,2014,1,0,0.14881854311516715
Rhode Island,2014,1,1,0.1515243348081702
Rhode Island,2015,0,0,0.12625485489371707
Rhode Island,2015,0,1,0.15781856861714635
Rhode Island,2015,1,0,0.13819788170798764
Rhode Island,2015,1,1,0.17044405410651806
Rhode Island,2016,0,0,0.1292479592093441
Rhode Island,2016,0,1,0.12531812261176267
Rhode Island,2016,1,0,0.13587605968161812
Rhode Island,2016,1,1,0.13247915818957764
Rhode Island,2017,0,0,0.12683691359421503
Rhode Island,2017,0,1,0.12343124272670639
Rhode Island,2017,1,0,0.11840787819713111
Rhode Island,2017,1,1,0.1675926891405548
South Carolina,2014,0,0,0.08819042336836143
South Carolina,2014,0,1,0.09750204048124053
South Carolina,2014,1,0,0.09444272950268554
South Carolina,2014,1,1,0.10442448140134337
South Carolina,2015,0,0,0.08605336820202625
South Carolina,2015,0,1,0.09663394604086821
South Carolina,2015,1,0,0.10141254776816387
South Carolina,2015,1,1,0.10220898138937984
South Carolina,2016,0,0,0.07761582041810305
South Carolina,2016,0,1,0.08131851661297596
South Carolina,2016,1,0,0.07753490631960198
South Carolina,2016,1,1,0.09600707386574499
South Carolina,2017,0,0,0.08998759911875881
South Carolina,2017,0,1,0.09467421682822255
South Carolina,2017,1,0,0.08535123569812018
South Carolina,2017,1,1,0.10187435953198705
South Dakota,2014,0,0,0.141321283338574
South Dakota,2014,0,1,0.15141566071990073
South Dakota,2014,1,0,0.12617971726658392
South Dakota,2014,1,1,0.1766516041732175
South Dakota,2015,0,0,0.14219002073632347
South Dakota,2015,0,1,0.11709766413579582
South Dakota,2015,1,0,0.1431193672770838
South Dakota,2015,1,1,0.16728237733685117
South Dakota,2016,0,0,0.1371192141485399
South Dakota,2016,0,1,0.13905047068584328
South Dakota,2016,1,0,0.1211424555217574
South Dakota,2016,1,1,0.18540062758112436
South Dakota,2017,0,0,0.13618087102322676
South Dakota,2017,0,1,0.15275314633293158
South Dakota,2017,1,0,0.16197100861164299
South Dakota,2017,1,1,0.21003557620778093
Tennessee,2014,0,0,0.0610714334742867
Tennessee,2014,0,1,0.07408635733950433
Tennessee,2014,1,0,0.0566056638445548
Tennessee,2014,1,1,0.07399227942542243
Tennessee,2015,0,0,0.06925578978206053
Tennessee,2015,0,1,0.07585906599283587
Tennessee,2015,1,0,0.06567798082011315
Tennessee,2015,1,1,0.07527553471596792
Tennessee,2016,0,0,0.08264067752392326
Tennessee,2016,0,1,0.07405759245020696
Tennessee,2016,1,0,0.07774088011704267
Tennessee,2016,1,1,0.07639054224900468
Tennessee,2017,0,0,0.07367053889918823
Tennessee,2017,0,1,0.0733997608848085
Tennessee,2017,1,0,0.07472256976229297
Tennessee,2017,1,1,0.06363628973279374
Texas,2014,0,0,0.029554711289282658
Texas,2014,0,1,0.03263570435804958
Texas,2014,1,0,0.026682674460388824
Texas,2014,1,1,0.028707332537173235
Texas,2015,0,0,0.03082018195930622
Texas,2015,0,1,0.031990756727539205
Texas,2015,1,0,0.02856256953445543
Texas,2015,1,1,0.03108279625808385
Texas,2016,0,0,0.03360087918565064
Texas,2016,0,1,0.03163516345417736
Texas,2016,1,0,0.032014679374414476
Texas,2016,1,1,0.03293033129594246
Texas,2017,0,0,0.026332232956623316
Texas,2017,0,1,0.019759162920637275
Texas,2017,1,0,0.029212733818861285
Texas,2017,1,1,0.022700176538593297
Utah,2014,0,0,0.04278045695482369
Utah,2014,0,1,0.04436785795500267
Utah,2014,1,0,0.04942705856202474
Utah,2014,1,1,0.045399668605119015
Utah,2015,0,0,0.04628022677311119
Utah,2015,0,1,0.05902405733382297
Utah,2015,1,0,0.05030459431859912
Utah,2015,1,1,0.051422474192345774
Utah,2016,0,0,0.04172537300207534
Utah,2016,0,1,0.050026468289708255
Utah,2016,1,0,0.050026468289708255
Utah,2016,1,1,0.06355743685568649
Utah,2017,0,0,0.041342596522436076
Utah,2017,0,1,0.04577025524677439
Utah,2017,1,0,0.043892056641319635
Utah,2017,1,1,0.04568356915729186
Vermont,2014,0,0,0.19771008184575378
Vermont,2014,0,1,0.20300741333859593
Vermont,2014,1,0,0.19685567354045666
Vermont,2014,1,1,0.15994523475162103
Vermont,2015,0,0,0.17952979123884172
Vermont,2015,0,1,0.19193366772443443
Vermont,2015,1,0,0.19361729638868386
Vermont,2015,1,1,0.15994472310369537
Vermont,2016,0,0,0.17370659406265515
Vermont,2016,0,1,0.18172382148093155
Vermont,2016,1,0,0.2061572764699644
Vermont,2016,1,1,0.2004306854569098
Vermont,2017,0,0,0.17121418917157516
Vermont,2017,0,1,0.17351545515506409
Vermont,2017,1,0,0.1601681124508284
Vermont,2017,1,1,0.1601681124508284
Virginia,2014,0,0,0.03972661242349297
Virginia,2014,0,1,0.043686346875388186
Virginia,2014,1,0,0.04123053246064179
Virginia,2014,1,1,0.04946594361361044
Virginia,2015,0,0,0.04027319890109373
Virginia,2015,0,1,0.04452478367210684
Virginia,2015,1,0,0.047190104651361836
Virginia,2015,1,1,0.04831490988551758
Virginia,2016,0,0,0.04700154291933815
Virginia,2016,0,1,0.04884233691813524
Virginia,2016,1,0,0.05106798647807525
Virginia,2016,1,1,0.057622981757350575
Virginia,2017,0,0,0.04449599734496155
Virginia,2017,0,1,0.0439382261918026
Virginia,2017,1,0,0.053635340242978856
Virginia,2017,1,1,0.04584344675608581
Washington,2014,0,0,0.03147835939776522
Washington,2014,0,1,0.030975082200124387
Washington,2014,1,0,0.027259687725011687
Washington,2014,1,1,0.02341962736722743
Washington,2015,0,0,0.035318838994213585
Washington,2015,0,1,0.045644860855862716
Washington,2015,1,0,0.03468026177132713
Washington,2015,1,1,0.0375828671348683
Washington,2016,0,0,0.03125875749999642
Washington,2016,0,1,0.03090632255002185
Washington,2016,1,0,0.03478263310576605
Washington,2016,1,1,0.031986382209028
Washington,2017,0,0,0.03446065993930676
Washington,2017,0,1,0.029146313538749205
Washington,2017,1,0,0.036906808901374606
Washington,2017,1,1,0.032869204007564226
West Virginia,2014,0,0,0.08509988669725858
West Virginia,2014,0,1,0.09216304906628017
West Virginia,2014,1,0,0.08173219235025156
West Virginia,2014,1,1,0.0829057828045116
West Virginia,2015,0,0,0.08647541347858641
West Virginia,2015,0,1,0.07464509649575202
West Virginia,2015,1,0,0.0772086654663132
West Virginia,2015,1,1,0.07841505086422433
West Virginia,2016,0,0,0.092324137407132
West Virginia,2016,0,1,0.09254086073437878
West Virginia,2016,1,0,0.09557498731583382
West Virginia,2016,1,1,0.08192141769928614
West Virginia,2017,0,0,0.08599320639910533
West Virginia,2017,0,1,0.07704991293359838
West Virginia,2017,1,0,0.09345676770921638
West Virginia,2017,1,1,0.06879456511928428
Wisconsin,2014,0,0,0.050838283901871846
Wisconsin,2014,0,1,0.05712770588173198
Wisconsin,2014,1,0,0.05613418056204969
Wisconsin,2014,1,1,0.06018470686536983
Wisconsin,2015,0,0,0.04795104512851235
Wisconsin,2015,0,1,0.05680891091952482
Wisconsin,2015,1,0,0.05746997557361838
Wisconsin,2015,1,1,0.0640921046271562
Wisconsin,2016,0,0,0.0462317996052612
Wisconsin,2016,0,1,0.04085644469100964
Wisconsin,2016,1,0,0.05009662656058717
Wisconsin,2016,1,1,0.04252041625660712
Wisconsin,2017,0,0,0.06745129699729085
Wisconsin,2017,0,1,0.057104411031065776
Wisconsin,2017,1,0,0.0788539344622817
Wisconsin,2017,1,1,0.05331359859146373
Wyoming,2014,0,0,0.2074281597603103
Wyoming,2014,0,1,0.2002754645961617
Wyoming,2014,1,0,0.20844997335518867
Wyoming,2014,1,1,0.19618821021664817
Wyoming,2015,0,0,0.235960981367931
Wyoming,2015,0,1,0.24519562166438175
Wyoming,2015,1,0,0.21060552503672791
Wyoming,2015,1,1,0.2846020608604431
Wyoming,2016,0,0,0.20456885756434057
Wyoming,2016,0,1,0.23070720316262366
Wyoming,2016,1,0,0.2567547906164683
Wyoming,2016,1,1,0.2567547906164683
Wyoming,2017,0,0,0.22455180323734608
Wyoming,2017,0,1,0.2961122680052915
Wyoming,2017,1,0,0.2159151954205251
Wyoming,2017,1,1,0.17273215633642006
