sumlev,region,division,state,name,year,popestimate,npopchg,births,deaths,naturalinc,internationalmig,domesticmig,netmig,residual,rbirth,rdeath,rnaturalinc,rinternationalmig,rdomesticmig,rnetmig
10,0,0,0,United States,2010,309321666,563561,987836,598691,389145,174416,0,174416,0,12.285801998666667,8.366807746055555,3.9189942524111103,2.6767437573111112,0.0,2.6767437573111112
10,0,0,0,United States,2011,311556874,2235208,3973485,2512442,1461043,774165,0,774165,0,12.799556577,8.0931835718,4.7063730049,2.4937727756,0.0,2.4937727756
10,0,0,0,United States,2012,313830990,2274116,3936976,2501531,1435445,838671,0,838671,0,12.590509751,7.9999345814,4.5905751698,2.6820827467,0.0,2.6820827467
10,0,0,0,United States,2013,315993715,2162725,3940576,2608019,1332557,830168,0,830168,0,12.513246841,8.2817297553,4.2315170854,2.636187477,0.0,2.636187477
10,0,0,0,United States,2014,318301008,2307293,3963195,2582448,1380747,926546,0,926546,0,12.496383326,8.1427384033,4.3536449223,2.9214999476,0.0,2.9214999476
10,0,0,0,United States,2015,320635163,2334155,3992376,2699826,1292550,1041605,0,1041605,0,12.496947837,8.4510037858,4.045944051,3.2604352274,0.0,3.2604352274
10,0,0,0,United States,2016,322941311,2306148,3962654,2703215,1259439,1046709,0,1046709,0,12.314477487,8.400602288,3.9138751986,3.2527882615,0.0,3.2527882615
10,0,0,0,United States,2017,324985539,2044228,3901982,2788163,1113819,930409,0,930409,0,12.044513976,8.6064128999,3.4381010758,2.8719569192,0.0,2.8719569192
10,0,0,0,United States,2018,326687501,1701962,3824521,2824382,1000139,701823,0,701823,0,11.737545564,8.6680952767,3.0694502875,2.1539114155,0.0,2.1539114155
10,0,0,0,United States,2019,328239523,1552022,3791712,2835038,956674,595348,0,595348,0,11.579036629,8.6575691523,2.9214674764,1.8180590453,0.0,1.8180590453
20,1,0,0,Northeast Region,2010,55380134,61691,163466,110878,52588,45032,-32807,12225,-3122,11.223492217555554,8.661381258577778,2.5621109589666666,3.5897580155222224,-4.921978489444444,-1.3322204741222223
20,1,0,0,Northeast Region,2011,55604223,224089,646249,470811,175438,204242,-154970,49272,-621,11.64576734,8.4842767526,3.1614905874,3.680554729,-2.792645814,0.8879089149
20,1,0,0,Northeast Region,2012,55775216,170993,637860,460915,176945,205018,-207154,-2136,-3816,11.453819587,8.2764826998,3.1773368871,3.6814335184,-3.719788892,-0.038355374
20,1,0,0,Northeast Region,2013,55901806,126590,635751,479963,155788,191468,-217700,-26232,-2966,11.385529245,8.5955551358,2.7899741094,3.4289596297,-3.89874293,-0.469783301
20,1,0,0,Northeast Region,2014,56006011,104205,632433,470268,162165,219965,-275141,-55176,-2784,11.302749298,8.4045603356,2.8981889621,3.9311820371,-4.917279371,-0.986097334
20,1,0,0,Northeast Region,2015,56034684,28673,634504,489209,145295,224592,-340104,-115512,-1110,11.326313176,8.7327019883,2.5936111874,4.0091147239,-6.071079798,-2.061965074
20,1,0,0,Northeast Region,2016,56042330,7646,628030,480502,147528,234098,-373661,-139563,-319,11.207115136,8.5744968188,2.6326183173,4.1774489103,-6.66793282,-2.49048391
20,1,0,0,Northeast Region,2017,56059240,16910,618490,497919,120571,213507,-316475,-102968,-693,11.034457412,8.8833546221,2.1511027901,3.8091705584,-5.646218871,-1.837048313
20,1,0,0,Northeast Region,2018,56046620,-12620,610713,503076,107637,179097,-298739,-119642,-615,10.89529129,8.9750170062,1.9202742836,3.1951407357,-5.329587588,-2.134446852
20,1,0,0,Northeast Region,2019,55982803,-63817,602740,505588,97152,134145,-294331,-160186,-783,10.760387474,9.025985968,1.7344015063,2.3948172972,-5.254530321,-2.859713024
20,2,0,0,Midwest Region,2010,66974416,44691,212570,140862,71708,24720,-50673,-25953,-1064,12.164434578111111,9.036410735177778,3.1280238428666665,1.7686596676222222,-2.6496911568888892,-0.8810314893333333
20,2,0,0,Midwest Region,2011,67157800,183384,834866,586660,248206,114945,-179592,-64647,-175,12.448403894,8.7474883737,3.7009155205,1.713905927,-2.677835428,-0.963929501
20,2,0,0,Midwest Region,2012,67336743,178943,830701,584671,246030,118864,-184359,-65495,-1592,12.352932416,8.6943453163,3.6585870997,1.7675661384,-2.741508999,-0.973942861
20,2,0,0,Midwest Region,2013,67560379,223636,830890,605165,225725,124489,-124956,-467,-1622,12.31886919,8.9722447896,3.3466244002,1.8456880051,-1.8526118,-0.006923795
20,2,0,0,Midwest Region,2014,67745167,184788,836538,596898,239640,132052,-183669,-51617,-3235,12.365169422,8.8229642856,3.5422051362,1.9519081649,-2.71487763,-0.762969465
20,2,0,0,Midwest Region,2015,67860583,115416,838012,626084,211928,140410,-234550,-94140,-2372,12.359534902,9.2338857312,3.1256491705,2.0708561399,-3.45929284,-1.3884367
20,2,0,0,Midwest Region,2016,67987540,126957,831641,619187,212454,143098,-227445,-84347,-1150,12.243687754,9.1158712587,3.1278164955,2.1067350338,-3.348518846,-1.241783812
20,2,0,0,Midwest Region,2017,68126781,139241,818785,640407,178378,124250,-162183,-37933,-1204,12.030842809,9.4098401299,2.6210026791,1.8256712312,-2.383040944,-0.557369713
20,2,0,0,Midwest Region,2018,68236628,109847,801587,627911,173676,94152,-157067,-62915,-914,11.756628936,9.2093766884,2.5472522471,1.3808983024,-2.303653174,-0.922754872
20,2,0,0,Midwest Region,2019,68329004,92376,792343,622854,169489,85675,-161549,-75874,-1239,11.60384188,9.1216800432,2.482161837,1.2547080659,-2.365880751,-1.111172685
20,3,0,0,South Region,2010,114866680,303650,368759,228435,140324,67464,91267,158731,4595,12.593434163444444,8.657963399111111,3.9354707645,2.8540713609222217,3.0891935213444444,5.943264882255557
20,3,0,0,South Region,2011,116006522,1139842,1509634,963051,546583,279639,312610,592249,1010,13.077602657,8.3426832708,4.7349193866,2.4224465861,2.7080665689,5.130513155
20,3,0,0,South Region,2012,117241208,1234686,1504955,960791,544164,338025,344278,682303,8219,12.904348522,8.2383738526,4.6659746699,2.8984204905,2.9520373039,5.8504577944
20,3,0,0,South Region,2013,118364400,1123192,1504774,1011227,493547,323413,300008,623421,6224,12.773668783,8.5840656221,4.1896031609,2.7453760778,2.5466965965,5.2920726743
20,3,0,0,South Region,2014,119624037,1259637,1525313,1006109,519204,358590,374593,733183,7250,12.818379071,8.4551082623,4.3632708088,3.0135077529,3.1479932783,6.1615010312
20,3,0,0,South Region,2015,120997341,1373304,1545679,1052226,493453,422001,453543,875544,4307,12.847395463,8.7459061929,4.10148927,3.5075935772,3.7697647962,7.2773583734
20,3,0,0,South Region,2016,122351760,1354419,1541412,1058081,483331,428463,441519,869982,1106,12.668318836,8.695992676,3.9723261604,3.5213855177,3.6286881536,7.1500736713
20,3,0,0,South Region,2017,123542189,1190429,1519344,1092315,427029,395903,366143,762046,1354,12.357717676,8.8844398526,3.4732778235,3.2201117727,2.9780562026,6.1981679753
20,3,0,0,South Region,2018,124569433,1027244,1494950,1116929,378021,299648,348608,648256,967,12.050624537,9.003439589,3.0471849481,2.4154289717,2.8100900489,5.2255190206
20,3,0,0,South Region,2019,125580448,1011015,1481244,1122130,359114,242942,407913,650855,1046,11.842851926,8.9716612737,2.8711906523,1.9423715017,3.2613487432,5.2037202448
20,4,0,0,West Region,2010,72100436,153529,243041,118516,124525,37200,-7787,29413,-409,12.696280539222222,7.079802434655556,5.616478104666667,2.5313648771777775,1.0910264762000002,3.622391353366667
20,4,0,0,West Region,2011,72788329,687893,982736,491920,490816,175339,21952,197291,-214,13.565385832,6.7903125546,6.7750732778,2.4203256892,0.303018664,2.7233443532
20,4,0,0,West Region,2012,73477823,689494,963460,495154,468306,176764,47235,223999,-2811,13.17406641,6.7705890013,6.4034774088,2.4170185321,0.6458773866,3.0628959187
20,4,0,0,West Region,2013,74167130,689307,969161,511664,457497,190798,42648,233446,-1636,13.128264533,6.9310056267,6.1972589066,2.5845516033,0.5777102317,3.162261835
20,4,0,0,West Region,2014,74925793,758663,968911,509173,459738,215939,84217,300156,-1231,12.997411017,6.8302772493,6.167133768,2.8967035545,1.1297249837,4.0264285381
20,4,0,0,West Region,2015,75742555,816762,974181,532307,441874,254602,121111,375713,-825,12.931461889,7.065943273,5.8655186158,3.379634852,1.6076502014,4.9872850534
20,4,0,0,West Region,2016,76559681,817126,961571,545445,416126,241050,159587,400637,363,12.627142257,7.162665688,5.4644765688,3.1654164289,2.0956619442,5.2610783731
20,4,0,0,West Region,2017,77257329,697648,945363,557522,387841,196749,112515,309264,543,12.292047544,7.2491592445,5.0428882995,2.5582216167,1.4629721381,4.0211937548
20,4,0,0,West Region,2018,77834820,577491,917271,576466,340805,128926,107198,236124,562,11.828722549,7.4338514711,4.3948710776,1.6625728747,1.3823781628,3.0449510375
20,4,0,0,West Region,2019,78347268,512448,915385,584466,330919,132586,47967,180553,976,11.722022822,7.4844178034,4.2376050191,1.6978387432,0.6142445733,2.3120833165
40,3,6,1,Alabama,2010,4785437,5312,14226,11075,3151,924,1244,2168,-7,12.135555302777778,10.594115597222222,1.5414397055444444,0.8891709479888887,0.28529698635555556,1.1744679343333333
40,3,6,1,Alabama,2011,4799069,13632,59690,48833,10857,4665,-1893,2772,3,12.455519356,10.189987883,2.2655314734,0.9734461014,-0.395012534,0.5784335677
40,3,6,1,Alabama,2012,4815588,16519,59067,48366,10701,5817,-114,5703,115,12.286865772,10.060889328,2.2259764441,1.2100275652,-0.023713794,1.1863137707
40,3,6,1,Alabama,2013,4830081,14493,57929,50851,7078,5046,2297,7343,72,12.011401179,10.543799502,1.467601677,1.0462726847,0.4762759328,1.5225486174
40,3,6,1,Alabama,2014,4841799,11718,58903,49712,9191,3684,-959,2725,-198,12.180258647,10.279697432,1.9005612146,0.7617960521,-0.198306844,0.5634892079
40,3,6,1,Alabama,2015,4852347,10548,59647,51876,7771,4580,-1544,3036,-259,12.305777115,10.702541513,1.6032356022,0.944900149,-0.318542758,0.6263573914
40,3,6,1,Alabama,2016,4863525,11178,59389,51710,7679,5777,-2157,3620,-121,12.225150764,10.644438296,1.5807124672,1.1891881655,-0.44401573,0.7451724354
40,3,6,1,Alabama,2017,4874486,10961,58961,53195,5766,3011,2298,5309,-114,12.109454384,10.925228982,1.1842254029,0.6184014374,0.4719649629,1.0903664003
40,3,6,1,Alabama,2018,4887681,13195,58271,53665,4606,3379,5279,8658,-69,11.938128082,10.994485138,0.9436429432,0.6922643302,1.0815221661,1.7737864964
40,3,6,1,Alabama,2019,4903185,15504,57313,53879,3434,2772,9387,12159,-89,11.707442426,11.005972301,0.7014701253,0.5662420464,1.9175014754,2.4837435218
40,4,9,2,Alaska,2010,713910,3661,2892,920,1972,430,1168,1598,91,15.047799622444444,5.857139288711111,9.1906603337,2.4381950218333333,-9.014792176111111,-6.576597154788889
40,4,9,2,Alaska,2011,722128,8218,11716,3937,7779,1314,-892,422,17,16.317116957,5.483141811,10.833975146,1.8300351383,-1.242306958,0.5877281799
40,4,9,2,Alaska,2012,730443,8315,11124,3940,7184,2348,-1319,1029,102,15.316290908,5.4248639137,9.8914269939,3.232888444,-1.816090229,1.416798215
40,4,9,2,Alaska,2013,737068,6625,11350,4039,7311,2863,-3564,-701,15,15.468367869,5.5045583985,9.9638094706,3.901844688,-4.857203796,-0.955359108
40,4,9,2,Alaska,2014,736283,-785,11443,4024,7419,1198,-9641,-8443,239,15.533297904,5.4623779398,10.070919964,1.6262248439,-13.08717339,-11.46094855
40,4,9,2,Alaska,2015,737498,1215,11330,4350,6980,2273,-8166,-5893,128,15.375418736,5.9031837159,9.47223502,3.0845831233,-11.08170074,-7.997117618
40,4,9,2,Alaska,2016,741456,3958,11246,4447,6799,2303,-5185,-2882,41,15.208045686,6.0137096894,9.1943359969,3.1143632594,-7.011712332,-3.897349072
40,4,9,2,Alaska,2017,739700,-1756,10803,4463,6340,2612,-10753,-8141,45,14.58725482,6.0263739944,8.5608808255,3.5269748764,-14.51973999,-10.99276511
40,4,9,2,Alaska,2018,735139,-4561,10284,4664,5620,537,-10757,-10220,39,13.945929013,6.32475816,7.6211708532,0.7282150797,-14.58735496,-13.85913988
40,4,9,2,Alaska,2019,731545,-3594,10031,4819,5212,659,-9482,-8823,17,13.678474709,6.5712859757,7.1071887332,0.8986257435,-12.92984719,-12.03122145
40,4,8,4,Arizona,2010,6407172,14884,20934,11505,9429,2550,3122,5672,-217,12.481034682555554,7.888858759155555,4.592175923444445,2.299891169955556,7.235048816866668,9.534939986877777
40,4,8,4,Arizona,2011,6472643,65471,86097,48174,37923,16489,11062,27551,-3,13.369291407,7.4805422283,5.8887491785,2.5604405032,1.7177265357,4.2781670389
40,4,8,4,Arizona,2012,6554978,82335,85577,48754,36823,15100,29844,44944,568,13.137778571,7.4847126732,5.6530658974,2.3181515643,4.5816500188,6.8998015831
40,4,8,4,Arizona,2013,6632764,77786,86093,50612,35481,17997,24050,42047,258,13.056518697,7.6756127016,5.3809059959,2.729352758,3.6473264339,6.3766791919
40,4,8,4,Arizona,2014,6730413,97649,86129,50236,35893,21312,39948,61260,496,12.890497522,7.5185713697,5.371926152,3.1896606623,5.9788177617,9.168478424
40,4,8,4,Arizona,2015,6829676,99263,86764,52846,33918,19511,45561,65072,273,12.796966156,7.7943441227,5.0026220329,2.8777097259,6.7198673991,9.597577125
40,4,8,4,Arizona,2016,6941072,111396,84957,56032,28925,20062,62320,82382,89,12.338763297,8.13782955,4.2009337474,2.9137124577,9.0510697022,11.96478216
40,4,8,4,Arizona,2017,7044008,102936,83021,56333,26688,13385,62686,76071,177,11.872795865,8.0561569902,3.8166388751,1.9141828291,8.9646966624,10.878879492
40,4,8,4,Arizona,2018,7158024,114016,81767,60127,21640,7937,84113,92050,326,11.514831117,8.4673798792,3.047451238,1.1177273787,11.845206376,12.962933755
40,4,8,4,Arizona,2019,7278717,120693,81942,60523,21419,7782,91017,98799,475,11.351869511,8.3845793175,2.9672901938,1.0780826504,12.609078462,13.687161112
40,3,7,5,Arkansas,2010,2921964,5933,9438,6979,2459,801,2469,3270,204,12.788869559777778,10.385574495555556,2.4032950642333333,0.8390642139666667,0.3323344405,1.1713986544555555
40,3,7,5,Arkansas,2011,2940667,18703,38453,29455,8998,3662,5996,9658,47,13.118001116,10.048389537,3.0696115788,1.2492684598,2.0454980025,3.2947664624
40,3,7,5,Arkansas,2012,2952164,11497,38594,29772,8822,3732,-1293,2439,236,13.098627807,10.104481191,2.9941466165,1.266623801,-0.43883831,0.8277854905
40,3,7,5,Arkansas,2013,2959400,7236,37978,30994,6984,2321,-2150,171,81,12.848714824,10.485888337,2.3628264872,0.7852405895,-0.727387879,0.0578527104
40,3,7,5,Arkansas,2014,2967392,7992,38225,29967,8258,3100,-3371,-271,5,12.899052304,10.112384575,2.7866677285,1.0460971129,-1.137546248,-0.091449135
40,3,7,5,Arkansas,2015,2978048,10656,38796,31318,7478,3303,-106,3197,-19,13.05067413,10.535132808,2.5155413224,1.1111036357,-0.03565758,1.0754460561
40,3,7,5,Arkansas,2016,2989918,11870,38612,31134,7478,3366,1069,4435,-43,12.939752003,10.433705554,2.5060464487,1.1280225122,0.3582460088,1.486268521
40,3,7,5,Arkansas,2017,3001345,11427,37737,32340,5397,2039,3981,6020,10,12.597343832,10.795720368,1.801623464,0.6806578179,1.3289351511,2.009592969
40,3,7,5,Arkansas,2018,3009733,8388,37239,31743,5496,588,2294,2882,10,12.390123702,10.561499951,1.828623751,0.1956387856,0.763257439,0.9588962246
40,3,7,5,Arkansas,2019,3017804,8071,36640,31322,5318,268,2515,2783,-30,12.15753632,10.392968139,1.764568181,0.0889252111,0.8345033801,0.9234285911
40,4,9,6,California,2010,37319502,64983,123327,57319,66008,19635,-20356,-721,-304,12.679851739333335,6.634941946433333,6.044909792833333,2.883684760422222,-2.5423678911111107,0.34131686926666666
40,4,9,6,California,2011,37638369,318867,509771,238388,271383,99179,-51326,47853,-369,13.601533587,6.3605862018,7.240947385,2.6462597904,-1.369462588,1.2767972025
40,4,9,6,California,2012,37948800,310431,497451,239535,257916,98297,-41795,56502,-3987,13.162313302,6.337980458,6.8243328441,2.6008911645,-1.105875522,1.4950156421
40,4,9,6,California,2013,38260787,311987,499629,247704,251925,116528,-53692,62836,-2774,13.111972382,6.5005994587,6.6113729235,3.0580929405,-1.409061566,1.6490313745
40,4,9,6,California,2014,38596972,336185,498914,244055,254859,131001,-46321,84680,-3354,12.982788114,6.3508226931,6.6319654207,3.408920627,-1.205369519,2.203551108
40,4,9,6,California,2015,38918045,321073,500380,253798,246582,156870,-79938,76932,-2441,12.910530614,6.5483569461,6.3621736676,4.0474737947,-2.06251648,1.9849573148
40,4,9,6,California,2016,39167117,249072,490358,260121,230237,141892,-122369,19523,-688,12.559569256,6.6624949821,5.8970742739,3.6342884196,-3.134244634,0.5000437855
40,4,9,6,California,2017,39358497,191380,481943,265241,216702,112814,-137546,-24732,-590,12.274797367,6.7555282026,5.5192691648,2.8733044991,-3.503213614,-0.629909115
40,4,9,6,California,2018,39461588,103091,465017,277578,187439,71300,-155281,-83981,-367,11.799454416,7.0433316584,4.7561227573,1.8091835349,-3.940137847,-2.130954312
40,4,9,6,California,2019,39512223,50635,462617,282520,180097,74028,-203414,-129386,-76,11.715706616,7.1547769171,4.5609296986,1.8747480731,-5.15142925,-3.276681177
40,4,8,8,Colorado,2010,5047349,18030,16780,7832,8948,2322,6111,8433,649,12.120334374777777,6.583897017166667,5.536437357522222,1.9265103292111112,7.096554416266667,9.023064745544444
40,4,8,8,Colorado,2011,5121108,73759,65926,32015,33911,12382,27250,39632,216,12.966765754,6.2969239089,6.6698418452,2.4353744132,5.3597119012,7.7950863145
40,4,8,8,Colorado,2012,5192647,71539,64748,32721,32027,11017,27722,38739,773,12.555659893,6.3451187274,6.2105411657,2.1363703132,5.3757336683,7.5121039815
40,4,8,8,Colorado,2013,5269035,76388,64729,33589,31140,8715,35709,44424,824,12.374491979,6.421338366,5.9531536133,1.6660800816,6.8266269229,8.4927070045
40,4,8,8,Colorado,2014,5350101,81066,65702,33935,31767,9461,38947,48408,891,12.374264724,6.3912920976,5.982972626,1.7818775463,7.3352483667,9.1171259131
40,4,8,8,Colorado,2015,5450623,100522,66350,36253,30097,13122,56554,69676,749,12.286213406,6.7130684943,5.5731449114,2.4298371109,10.472260934,12.902098045
40,4,8,8,Colorado,2016,5539215,88592,66588,36719,29869,9351,49084,58435,288,12.118104016,6.6823550993,5.4357489164,1.7017539294,8.9326157492,10.634369679
40,4,8,8,Colorado,2017,5611885,72670,65375,37702,27673,8171,36612,44783,214,11.725300643,6.7620234775,4.9632771655,1.4655056452,6.5665270691,8.0320327143
40,4,8,8,Colorado,2018,5691287,79402,64494,38490,26004,10646,42539,53185,213,11.411663912,6.8104776252,4.6011862865,1.8837190127,7.5269136841,9.4106326967
40,4,8,8,Colorado,2019,5758736,67449,64524,39116,25408,10523,31335,41858,183,11.270545046,6.8324753583,4.4380696877,1.8380749104,5.4733514509,7.3114263613
40,1,1,9,Connecticut,2010,3579114,4967,9488,6847,2641,2420,152,2572,-246,10.044840783633333,8.427399672844444,1.6174411107333333,4.153491616599999,-6.214854020222223,-2.0613624034666667
40,1,1,9,Connecticut,2011,3588283,9169,37634,29295,8339,12893,-12024,869,-39,10.501441458,8.174515797,2.3269256607,3.5976798829,-3.355192966,0.2424869168
40,1,1,9,Connecticut,2012,3594547,6264,36855,29064,7791,15890,-17361,-1471,-56,10.261971953,8.0926320127,2.1693399398,4.4244399492,-4.834027814,-0.409587864
40,1,1,9,Connecticut,2013,3594841,294,36142,29756,6386,11024,-17031,-6007,-85,10.054263311,8.2777560482,1.7765072632,3.0667422596,-4.737816348,-1.671074089
40,1,1,9,Connecticut,2014,3594524,-317,36162,29669,6493,18106,-25086,-6980,170,10.05985925,8.2535801145,1.8062791359,5.0368843424,-6.978641368,-1.941757026
40,1,1,9,Connecticut,2015,3587122,-7402,36321,30375,5946,16475,-29963,-13488,140,10.114951364,8.4590635629,1.6558878007,4.5880846814,-8.344326635,-3.756241953
40,1,1,9,Connecticut,2016,3578141,-8981,35888,30116,5772,14395,-29219,-14824,71,10.017217791,8.4061115412,1.6111062497,4.0179962689,-8.155736921,-4.137740652
40,1,1,9,Connecticut,2017,3573297,-4844,35551,31118,4433,14368,-23724,-9356,79,9.9423360728,8.7025854101,1.2397506627,4.0182128406,-6.634749543,-2.616536702
40,1,1,9,Connecticut,2018,3571520,-1777,34883,31263,3620,18498,-23976,-5478,81,9.7645607998,8.7512388351,1.0133219647,5.1780192551,-6.711438516,-1.53341926
40,1,1,9,Connecticut,2019,3565287,-6233,34567,31149,3418,12323,-22059,-9736,85,9.6869650531,8.7291137339,0.9578513192,3.4533650693,-6.181756071,-2.728391002
40,3,5,10,Delaware,2010,899593,1656,2842,1839,1003,357,281,638,15,11.736465814333332,9.091666729044444,2.644799085355556,1.5378275244333333,4.630481918133333,6.168309442588889
40,3,5,10,Delaware,2011,907381,7788,11298,7874,3424,1527,2854,4381,-17,12.504883856,8.7151226304,3.7897612251,1.6901183968,3.1588722361,4.848990633
40,3,5,10,Delaware,2012,915179,7798,11158,7695,3463,1212,3202,4414,-79,12.244315688,8.4441664472,3.8001492406,1.3299973663,3.5137389167,4.843736283
40,3,5,10,Delaware,2013,923576,8397,10890,8085,2805,2357,3298,5655,-63,11.84497119,8.7939937621,3.0509774277,2.5636911932,3.587209824,6.1509010173
40,3,5,10,Delaware,2014,932487,8911,10981,8072,2909,1743,4230,5973,29,11.832572493,8.6979806181,3.1345918754,1.8781690061,4.5580349374,6.4362039435
40,3,5,10,Delaware,2015,941252,8765,11026,8543,2483,2238,4052,6290,-8,11.768981699,9.1186659401,2.650315759,2.388806552,4.3250420683,6.7138486203
40,3,5,10,Delaware,2016,948921,7669,11084,8505,2579,1708,3379,5087,3,11.728027011,8.9991762659,2.7288507454,1.8072419826,3.5753341096,5.3825760922
40,3,5,10,Delaware,2017,956823,7902,10978,9057,1921,1528,4430,5958,23,11.520959793,9.5049492482,2.016010545,1.6035731977,4.6491029225,6.2526761202
40,3,5,10,Delaware,2018,965479,8656,10732,9420,1312,484,6851,7335,9,11.165779362,9.8007493099,1.3650300525,0.5035629157,7.1279122635,7.6314751792
40,3,5,10,Delaware,2019,973764,8285,10683,9454,1229,73,6961,7034,22,11.017701237,9.7501963395,1.2675048975,0.0752871095,7.1790899851,7.2543770946
40,3,5,11,District of Columbia,2010,605226,3459,2245,1181,1064,696,1473,2169,226,14.279544026111113,7.442964759033334,6.836579267133334,5.553636553699999,4.528452773566666,10.08208932731111
40,3,5,11,District of Columbia,2011,619800,14574,9196,4668,4528,2414,7537,9951,95,15.013558896,7.6210627366,7.3924961593,3.9411408411,12.305044954,16.246185795
40,3,5,11,District of Columbia,2012,634924,15124,9232,4538,4694,3384,6711,10095,335,14.715586854,7.2334632955,7.4821235586,5.3940149387,10.697173243,16.091188182
40,3,5,11,District of Columbia,2013,650581,15657,9445,4813,4632,4737,6051,10788,237,14.694614179,7.4881077864,7.2065063924,7.3698663171,9.4141990891,16.784065406
40,3,5,11,District of Columbia,2014,662328,11747,9334,4650,4684,5205,1778,6983,80,14.218807244,7.08350693,7.135300314,7.9289577572,2.7084893165,10.637447074
40,3,5,11,District of Columbia,2015,675400,13072,9648,4883,4765,5024,3201,8225,82,14.42445699,7.3004377572,7.1240192326,7.5112429433,4.7857262463,12.29696919
40,3,5,11,District of Columbia,2016,685815,10415,9718,4852,4866,3451,2057,5508,41,14.278420382,7.1289252616,7.1494951202,5.0704701315,3.0222999306,8.092770062
40,3,5,11,District of Columbia,2017,694906,9091,9693,5138,4555,3541,973,4514,22,14.040490439,7.4424883811,6.5980020583,5.1292042346,1.4094085626,6.5386127972
40,3,5,11,District of Columbia,2018,701547,6641,9523,5321,4202,2749,-318,2431,8,13.638840691,7.6207362511,6.0181044403,3.9371178264,-0.455439603,3.4816782233
40,3,5,11,District of Columbia,2019,705749,4202,9493,5677,3816,2604,-2203,401,-15,13.49112056,8.0679544318,5.4231661285,3.7007139934,-3.130826777,0.5698872163
40,3,5,12,Florida,2010,18845537,40973,50873,41764,9109,22164,10296,32460,-596,10.921451403666667,9.479185961299999,1.4422654424777779,5.986537670644444,7.0371823196,13.023719990300002
40,3,5,12,Florida,2011,19053237,207700,213205,174483,38722,100548,68593,169141,-163,11.251287443,9.2078440321,2.0434434106,5.306134705,3.6198004716,8.9259351767
40,3,5,12,Florida,2012,19297822,244585,214010,173756,40254,98777,103746,202523,1808,11.160578382,9.0613403922,2.0992379898,5.1512006487,5.4103329976,10.561533646
40,3,5,12,Florida,2013,19545621,247799,212988,181609,31379,103594,111585,215179,1241,10.966484099,9.3508188757,1.6156652231,5.3339246987,5.7453712329,11.079295932
40,3,5,12,Florida,2014,19845911,300290,218333,181024,37309,112485,147547,260032,2949,11.085275891,9.1910109005,1.8942649908,5.7111259344,7.4913054917,13.202431426
40,3,5,12,Florida,2015,20209042,363131,221746,191076,30670,132882,197401,330283,2178,11.072088887,9.5406927578,1.5313961297,6.6349846922,9.8565088817,16.491493574
40,3,5,12,Florida,2016,20613477,404435,224651,193671,30980,155926,216749,372675,780,11.006229184,9.4884394567,1.5177897278,7.6392150127,10.619089919,18.258304932
40,3,5,12,Florida,2017,20963613,350136,224574,199813,24761,160385,164257,324642,733,10.80277624,9.6116875904,1.19108865,7.7150661578,7.9013225793,15.616388737
40,3,5,12,Florida,2018,21244317,280704,223066,209998,13068,131600,135530,267130,506,10.569862109,9.9506419765,0.6192201323,6.2357950271,6.4220159577,12.657810985
40,3,5,12,Florida,2019,21477737,233420,221695,211692,10003,88678,133910,222588,829,10.378480398,9.9101976698,0.4682827282,4.1513921592,6.2688933449,10.420285504
40,3,5,13,Georgia,2010,9711881,23152,32487,17216,15271,4088,3012,7100,781,12.83972564822222,7.690229803922222,5.149495844322222,2.0228752527222222,2.7047478826222227,4.727623135355556
40,3,5,13,Georgia,2011,9802431,90550,132621,71158,61463,11606,17214,28820,267,13.592177885,7.2929037929,6.2992740918,1.1894859527,1.7642435972,2.9537295499
40,3,5,13,Georgia,2012,9901430,98999,131867,70452,61415,21466,15023,36489,1095,13.384889388,7.1510857694,6.2338036185,2.1788623052,1.5248788042,3.7037411094
40,3,5,13,Georgia,2013,9972479,71049,128653,74849,53804,22294,-5840,16454,791,12.946924533,7.5323883188,5.4145362143,2.2435445387,-0.587705217,1.6558393218
40,3,5,13,Georgia,2014,10067278,94799,129551,74837,54714,16832,23027,39859,226,12.929398296,7.4688530405,5.4605452551,1.6798606889,2.298131659,3.9779923479
40,3,5,13,Georgia,2015,10178447,111169,131676,78553,53123,25266,32629,57895,151,13.007783125,7.7599592013,5.2478239233,2.4959343269,3.2232977579,5.7192320848
40,3,5,13,Georgia,2016,10301890,123443,130742,80059,50683,34354,38428,72782,-22,12.767563346,7.8181330708,4.9494302755,3.3548276085,3.7526726245,7.107500233
40,3,5,13,Georgia,2017,10410330,108440,129824,82160,47664,20986,39794,60780,-4,12.535981174,7.9334808147,4.6025003597,2.0264365674,3.8425625066,5.868999074
40,3,5,13,Georgia,2018,10511131,100801,128547,84569,43978,16863,39981,56844,-21,12.288529945,8.0844258439,4.2041041015,1.6120289114,3.8220084152,5.4340373266
40,3,5,13,Georgia,2019,10617423,106292,127873,86319,41554,15053,49680,64733,5,12.104283142,8.170838383,3.9334447592,1.4248963748,4.702640796,6.1275371708
40,4,9,15,Hawaii,2010,1363963,3656,4647,2534,2113,1975,-348,1627,-84,12.977491527555555,7.867178021022222,5.110313506455555,4.567045127544445,-5.471557388,-0.9045122602333334
40,4,9,15,Hawaii,2011,1379329,15366,19151,10072,9079,7229,-889,6340,-53,13.962057266,7.3430024948,6.6190547707,5.2703102696,-0.648126412,4.6221838579
40,4,9,15,Hawaii,2012,1394804,15475,18891,10244,8647,10116,-3061,7055,-227,13.619390274,7.3853704923,6.234019782,7.2930894085,-2.206815607,5.0862738016
40,4,9,15,Hawaii,2013,1408243,13439,19036,10340,8696,5681,-764,4917,-174,13.582362336,7.3776857827,6.2046765538,4.0534461249,-0.545121077,3.5083250477
40,4,9,15,Hawaii,2014,1414538,6295,18956,10740,8216,3854,-5709,-1855,-66,13.430726649,7.6095169976,5.821209651,2.7306404571,-4.044947164,-1.314306707
40,4,9,15,Hawaii,2015,1422052,7514,18212,11070,7142,7267,-6817,450,-78,12.84077008,7.8051463201,5.0356237595,5.1237577514,-4.806475381,0.3172823707
40,4,9,15,Hawaii,2016,1427559,5507,18250,10854,7396,9598,-11455,-1857,-32,12.808765828,7.6178818793,5.1908839487,6.7363580503,-8.039693839,-1.303335789
40,4,9,15,Hawaii,2017,1424393,-3166,17939,11297,6642,4647,-14452,-9805,-3,12.580155627,7.9222932223,4.6578624044,3.2588206253,-10.13481293,-6.875992303
40,4,9,15,Hawaii,2018,1420593,-3800,17173,12454,4719,4412,-12910,-8498,-21,12.07246714,8.7550518702,3.3174152702,3.101596985,-9.075615838,-5.974018853
40,4,9,15,Hawaii,2019,1415872,-4721,16878,12748,4130,5014,-13817,-8803,-48,11.900728548,8.9886531299,2.9120754178,3.5353864758,-9.742408244,-6.207021768
40,4,8,16,Idaho,2010,1570746,3089,5971,2582,3389,114,-378,-264,-36,13.633466031222223,7.729430825322222,5.904035205877777,0.9742773884777779,7.3999275219000005,8.374204910400001
40,4,8,16,Idaho,2011,1583910,13164,22952,11881,11071,1541,528,2069,24,14.551190368,7.5323585202,7.0188318473,0.9769686457,0.3347433127,1.3117119585
40,4,8,16,Idaho,2012,1595324,11414,22365,11893,10472,1524,-718,806,136,14.069426786,7.4816764038,6.5877503826,0.9587215034,-0.451681128,0.5070403751
40,4,8,16,Idaho,2013,1611206,15882,22699,12295,10404,1782,3543,5325,153,14.157983864,7.668726006,6.4892578582,1.1114818823,2.2098654932,3.3213473755
40,4,8,16,Idaho,2014,1631112,19906,22422,12533,9889,1322,8482,9804,213,13.83084571,7.7308888271,6.0999568827,0.8154659722,5.232059286,6.0475252582
40,4,8,16,Idaho,2015,1651059,19947,23030,12888,10142,2998,6763,9761,44,14.03339436,7.8533385372,6.1800558228,1.8268396132,4.1210528032,5.9478924163
40,4,8,16,Idaho,2016,1682380,31321,22642,13278,9364,3369,18541,21910,47,13.584769363,7.9665474604,5.6182219024,2.0213359237,11.124247361,13.145583285
40,4,8,16,Idaho,2017,1717715,35335,22430,13687,8743,1518,25007,26525,67,13.193748998,8.0509515175,5.1427974807,0.8929162273,14.709588997,15.602505224
40,4,8,16,Idaho,2018,1750536,32821,22054,13451,8603,122,24020,24142,76,12.717649328,7.7566473707,4.9610019575,0.070352463,13.851361969,13.921714432
40,4,8,16,Idaho,2019,1787065,36529,22220,13308,8912,167,27360,27527,90,12.562185504,7.523742785,5.0384427187,0.0944142655,15.468109603,15.562523869
40,2,3,17,Illinois,2010,12840503,8931,41831,24075,17756,4868,-13329,-8461,-364,12.091344921222223,8.24565985031111,3.8456850709555557,2.060661880822222,-7.387749770666667,-5.327087890111112
40,2,3,17,Illinois,2011,12867454,26951,162400,101622,60778,30606,-64482,-33876,49,12.634220603,7.9058791019,4.7283415014,2.3810526834,-5.016501311,-2.635448628
40,2,3,17,Illinois,2012,12882510,15056,160123,101304,58819,27200,-70886,-43686,-77,12.436755251,7.868282845,4.5684724064,2.1126243128,-5.505716435,-3.393092122
40,2,3,17,Illinois,2013,12895129,12619,157513,104307,53206,27571,-67989,-40418,-169,12.220902,8.0928280515,4.1280739481,2.1391408267,-5.275037019,-3.135896193
40,2,3,17,Illinois,2014,12884493,-10636,157512,102688,54824,28835,-94721,-65886,426,12.219884372,7.9666024583,4.2532819139,2.2370382312,-7.348517368,-5.111479137
40,2,3,17,Illinois,2015,12858913,-25580,159239,107564,51675,30323,-107924,-77601,346,12.37124567,8.356625382,4.0146202876,2.3557877307,-8.384593709,-6.028805979
40,2,3,17,Illinois,2016,12820527,-38386,156289,106158,50131,24509,-113179,-88670,153,12.172305938,8.267937307,3.9043686311,1.9088422489,-8.814756085,-6.905913836
40,2,3,17,Illinois,2017,12778828,-41699,151944,108770,43174,29564,-114678,-85114,241,11.870924092,8.4978703565,3.3730537351,2.3097456948,-8.959444486,-6.649698791
40,2,3,17,Illinois,2018,12723071,-55757,147037,109549,37488,20260,-113699,-93439,194,11.531454971,8.5914386219,2.9400163494,1.5889012814,-8.91690458,-7.328003299
40,2,3,17,Illinois,2019,12671821,-51250,144299,110004,34295,19209,-104986,-85777,232,11.364411394,8.6634745287,2.7009368656,1.5128239175,-8.268276943,-6.755453026
40,2,3,18,Indiana,2010,6490432,6381,20955,13852,7103,2376,-3040,-664,-58,12.55578339488889,9.300327161833332,3.2554562329555554,1.625220901322222,-0.7774835317444445,0.8477373696111111
40,2,3,18,Indiana,2011,6516528,26096,83459,57901,25558,8791,-8203,588,-50,12.832975576,8.903079582,3.9298959941,1.3517378388,-1.261324706,0.0904131327
40,2,3,18,Indiana,2012,6537703,21175,83077,58599,24478,10534,-13567,-3033,-270,12.727980683,8.9777789285,3.7502017545,1.6138828859,-2.078559817,-0.464676931
40,2,3,18,Indiana,2013,6568713,31010,83373,60698,22675,8595,81,8676,-341,12.722471193,9.2623338066,3.4601373861,1.3115713708,0.0123603585,1.3239317293
40,2,3,18,Indiana,2014,6593644,24931,83554,59833,23721,9527,-7644,1883,-673,12.695902413,9.0915327703,3.6043696429,1.4476130681,-1.1614941,0.2861189679
40,2,3,18,Indiana,2015,6608422,14778,84175,62900,21275,7779,-13950,-6171,-326,12.75179203,9.5288116269,3.2229804032,1.1784519181,-2.113305599,-0.934853681
40,2,3,18,Indiana,2016,6634304,25882,83559,62128,21431,13298,-8698,4600,-149,12.619607172,9.3829623901,3.2366447814,2.0083478281,-1.313626817,0.6947210114
40,2,3,18,Indiana,2017,6658078,23774,82268,65300,16968,8861,-1877,6984,-178,12.378217839,9.825176556,2.5530412833,1.3332448616,-0.282417403,1.0508274589
40,2,3,18,Indiana,2018,6695497,37419,81801,63233,18568,14959,4044,19003,-152,12.251550615,9.4705724871,2.7809781276,2.2404487188,0.6056805013,2.8461292201
40,2,3,18,Indiana,2019,6732219,36722,80711,62175,18536,14379,3997,18376,-190,12.021553033,9.260696309,2.7608567235,2.1416896217,0.5953357965,2.7370254182
40,2,4,19,Iowa,2010,3050745,3874,9958,6888,3070,1448,-545,903,-99,12.445549246222221,9.341955926899999,3.1035933193000003,1.6600099533,-1.0165231409666666,0.6434868123555557
40,2,4,19,Iowa,2011,3066336,15591,37854,28188,9666,6118,-179,5939,-14,12.376491336,9.216160453,3.1603308833,2.0003004701,-0.058524646,1.9417758241
40,2,4,19,Iowa,2012,3076190,9854,38472,28055,10417,4030,-4577,-547,-16,12.526442705,9.1346784694,3.3917642351,1.312163758,-1.490266382,-0.178102624
40,2,4,19,Iowa,2013,3092997,16807,38806,29150,9656,6904,194,7098,53,12.580588009,9.4501917352,3.1303962743,2.2382203684,0.0628932143,2.3011135827
40,2,4,19,Iowa,2014,3109350,16353,39463,28884,10579,6805,-948,5857,-83,12.725182903,9.3138935954,3.4112893071,2.19433063,-0.305690733,1.8886398971
40,2,4,19,Iowa,2015,3120960,11610,39702,29750,9952,5409,-3642,1767,-109,12.74479119,9.5500865928,3.1947045974,1.7363501977,-1.169123206,0.5672269919
40,2,4,19,Iowa,2016,3131371,10411,39432,29158,10274,5722,-5556,166,-29,12.613535656,9.3270813717,3.286454284,1.8303573499,-1.777257154,0.0531001958
40,2,4,19,Iowa,2017,3141550,10179,38850,30581,8269,5903,-3962,1941,-31,12.386573974,9.7501626435,2.6364113305,1.8820578164,-1.263207364,0.6188504526
40,2,4,19,Iowa,2018,3148618,7068,38068,28919,9149,2835,-4899,-2064,-17,12.103969242,9.1949849352,2.9089843069,0.9014067669,-1.557669048,-0.656262281
40,2,4,19,Iowa,2019,3155070,6452,37672,28809,8863,2663,-5011,-2348,-63,11.952368201,9.1403635459,2.8120046551,0.8449022223,-1.58986295,-0.744960728
40,2,4,20,Kansas,2010,2858190,5067,9987,5996,3991,919,219,1138,-62,13.238431321999999,8.895876445322223,4.342554876577777,1.9231783331888888,-4.137696630444444,-2.214518297233333
40,2,4,20,Kansas,2011,2869225,11035,40113,25169,14944,4749,-8652,-3903,-6,14.007366325,8.7889562743,5.2184100506,1.6583397571,-3.021258281,-1.362918524
40,2,4,20,Kansas,2012,2885257,16032,39582,24978,14604,5977,-4625,1352,76,13.756928947,8.6812331675,5.0756957794,2.0773372825,-1.607442686,0.4698945969
40,2,4,20,Kansas,2013,2893212,7955,39727,25592,14135,5716,-11900,-6184,4,13.750008869,8.8577095421,4.892299327,1.978378702,-4.118738026,-2.140359324
40,2,4,20,Kansas,2014,2900475,7263,39292,25475,13817,6534,-13065,-6531,-23,13.563728935,8.7940546322,4.7696743024,2.255558507,-4.510081404,-2.254522897
40,2,4,20,Kansas,2015,2909011,8536,39001,26530,12471,9088,-12926,-3838,-97,13.426661154,9.1333381301,4.2933230238,3.1286760997,-4.449963387,-1.321287288
40,2,4,20,Kansas,2016,2910844,1833,38613,26238,12375,7640,-18161,-10521,-21,13.26940276,9.0167194887,4.2526832713,2.6254949651,-6.241048961,-3.615553996
40,2,4,20,Kansas,2017,2908718,-2126,37409,27016,10393,2278,-14764,-12486,-33,12.856293996,9.2845475312,3.5717464648,0.7828767869,-5.073921371,-4.291044584
40,2,4,20,Kansas,2018,2911359,2641,35912,25734,10178,4053,-11564,-7511,-26,12.3407302,8.8431819716,3.4975482283,1.3927650785,-3.973830587,-2.581065508
40,2,4,20,Kansas,2019,2913314,1955,35457,25230,10227,4104,-12357,-8253,-19,12.174760712,8.6631472702,3.5116134416,1.4091778199,-4.242984971,-2.833807151
40,3,6,21,Kentucky,2010,4348181,8848,13687,10554,3133,1510,4041,5551,164,12.497609402222222,10.250328828511112,2.2472805737111106,1.2281711088666667,-0.43506472998888884,0.7931063788777778
40,3,6,21,Kentucky,2011,4369821,21640,55309,42508,12801,5010,3852,8862,-23,12.688457745,9.7517756936,2.9366820517,1.1493459166,0.8836887167,2.0330346334
40,3,6,21,Kentucky,2012,4386346,16525,55306,42857,12449,7784,-3564,4220,-144,12.632468065,9.7889864366,2.8434816284,1.777946903,-0.814054826,0.9638920774
40,3,6,21,Kentucky,2013,4404659,18313,56046,44417,11629,8844,-2091,6753,-69,12.750760579,10.105101749,2.6456588297,2.012056642,-0.475713528,1.5363431144
40,3,6,21,Kentucky,2014,4414349,9690,55758,43645,12113,4993,-7102,-2109,-314,12.644959615,9.8979386344,2.7470209801,1.1323269012,-1.610611987,-0.478285086
40,3,6,21,Kentucky,2015,4425976,11627,55943,46309,9634,7417,-5275,2142,-149,12.656322024,10.476764146,2.1795578782,1.6779926077,-1.193395039,0.4845975685
40,3,6,21,Kentucky,2016,4438182,12206,55681,46715,8966,7095,-3752,3343,-103,12.56317859,10.540200209,2.022978381,1.6008288661,-0.846555307,0.7542735588
40,3,6,21,Kentucky,2017,4452268,14086,54910,48541,6369,5916,1936,7852,-135,12.352580578,10.919807209,1.4327733692,1.3308662666,0.4355235112,1.7663897778
40,3,6,21,Kentucky,2018,4461153,8885,54428,46582,7846,895,226,1121,-82,12.212594917,10.452103631,1.7604912861,0.2008207623,0.0507100472,0.2515308096
40,3,6,21,Kentucky,2019,4467673,6520,53471,46074,7397,765,-1541,-776,-101,11.977162507,10.320281748,1.656880759,0.1713551143,-0.345174158,-0.173819044
40,3,7,22,Louisiana,2010,4544532,11045,14574,9182,5392,1201,4107,5308,345,13.437249360777777,9.445803830222223,3.9914455307444445,1.0501350839666665,-2.5321449001666667,-1.4820098162111113
40,3,7,22,Louisiana,2011,4575625,31093,62290,40767,21523,6728,2728,9456,114,13.659852566,8.939977678,4.7198748881,1.4754131974,0.5982353155,2.0736485128
40,3,7,22,Louisiana,2012,4600972,25347,62286,40733,21553,4152,-591,3561,233,13.574966842,8.8775828338,4.6973840085,0.9049106112,-0.128805918,0.7761046933
40,3,7,22,Louisiana,2013,4624527,23555,62541,43787,18754,6115,-1614,4501,300,13.558290993,9.4926030559,4.0656879373,1.3256735489,-0.349899772,0.9757737766
40,3,7,22,Louisiana,2014,4644013,19486,64226,43592,20634,4643,-5764,-1121,-27,13.858924922,9.4064437333,4.4524811891,1.0018837918,-1.243777337,-0.241893545
40,3,7,22,Louisiana,2015,4664628,20615,64390,43973,20417,6107,-5865,242,-44,13.834457683,9.4477808307,4.3866768522,1.3121141958,-1.260119495,0.0519947004
40,3,7,22,Louisiana,2016,4678135,13507,63993,43677,20316,6417,-13144,-6727,-82,13.698945376,9.3499107277,4.3490346485,1.3736835666,-2.813728658,-1.440045092
40,3,7,22,Louisiana,2017,4670560,-7575,62391,45011,17380,3265,-28239,-24974,19,13.347531393,9.629365382,3.7181660114,0.6984932122,-6.041271001,-5.342777789
40,3,7,22,Louisiana,2018,4659690,-10870,59870,46238,13632,3293,-27776,-24483,-19,12.833525361,9.9114171646,2.9221081965,0.7058760483,-5.953966936,-5.248090887
40,3,7,22,Louisiana,2019,4648794,-10896,58498,46343,12155,3040,-26045,-23005,-46,12.568749111,9.957153066,2.6115960451,0.6531675835,-5.5959703,-4.942802716
40,1,1,23,Maine,2010,1327629,-729,3442,3102,340,294,-1309,-1015,-54,9.436020026866668,10.361697897266668,-0.9256778705555555,0.9399511527444443,1.4339939172555554,2.373945069888889
40,1,1,23,Maine,2011,1328284,655,12623,13026,-403,1102,-3,1099,-41,9.5055824494,9.8090562454,-0.303473796,0.8298464596,-0.00225911,0.8275873494
40,1,1,23,Maine,2012,1327729,-555,12799,12752,47,476,-872,-396,-206,9.6377540321,9.602362639,0.035391393,0.3584319806,-0.656623292,-0.298191312
40,1,1,23,Maine,2013,1328009,280,12869,13406,-537,1742,-783,959,-142,9.691468059,10.095875421,-0.404407362,1.3118763974,-0.589666601,0.7222097963
40,1,1,23,Maine,2014,1330513,2504,12704,13350,-646,2994,320,3314,-164,9.5571900477,10.043174365,-0.485984318,2.2523793296,0.2407352657,2.4931145953
40,1,1,23,Maine,2015,1328262,-2251,12652,14175,-1523,623,-1253,-630,-98,9.5171648598,10.662805239,-1.145640379,0.4686368722,-0.942539327,-0.473902455
40,1,1,23,Maine,2016,1331317,3055,12647,14172,-1525,1966,2660,4626,-46,9.5105277941,10.65732584,-1.146798046,1.4784294808,2.0003165915,3.4787460722
40,1,1,23,Maine,2017,1334612,3295,12451,14551,-2100,628,4815,5443,-48,9.3408339082,10.916269713,-1.575435805,0.4711303264,3.6122492384,4.0833795649
40,1,1,23,Maine,2018,1339057,4445,12252,14416,-2164,874,5768,6642,-33,9.1649340289,10.783683395,-1.618749367,0.6537832469,4.3146702153,4.9684534623
40,1,1,23,Maine,2019,1344212,5155,12073,14335,-2262,852,6613,7465,-48,8.9987250626,10.684728218,-1.686003155,0.6350462812,4.9290622744,5.5641085556
40,3,5,24,Maryland,2010,5788645,14851,18468,10608,7860,6545,851,7396,-405,12.179989890333331,7.914524438766667,4.265465451544445,3.5961975391444443,-2.9840047349444445,0.6121928041444444
40,3,5,24,Maryland,2011,5839419,50774,73541,43692,29849,20485,519,21004,-79,12.64888119,7.5149225185,5.133958671,3.5233724204,0.0892667945,3.6126392149
40,3,5,24,Maryland,2012,5886992,47573,72733,43467,29266,25540,-6440,19100,-793,12.404989046,7.4135214943,4.9914675513,4.3559789948,-1.098375283,3.2576037118
40,3,5,24,Maryland,2013,5923188,36196,72361,45721,26640,21154,-11012,10142,-586,12.254004596,7.7426423645,4.5113622316,3.5823332075,-1.864831865,1.7175013421
40,3,5,24,Maryland,2014,5957283,34095,72753,44767,27986,23126,-16479,6647,-538,12.247494228,7.5362332015,4.7112610266,3.8931116452,-2.77413244,1.1189792055
40,3,5,24,Maryland,2015,5985562,28279,74134,47192,26942,27296,-25651,1645,-308,12.414797312,7.9029745425,4.5118227692,4.5711051261,-4.295626377,0.275478749
40,3,5,24,Maryland,2016,6003323,17761,73397,47258,26139,21413,-29709,-8296,-82,12.2441745,7.8836355508,4.3605389492,3.5721420299,-4.956090579,-1.383948549
40,3,5,24,Maryland,2017,6023868,20545,71942,49834,22108,22617,-24054,-1437,-126,11.963225661,8.2868892662,3.6763363948,3.7609779374,-3.999936477,-0.23895854
40,3,5,24,Maryland,2018,6035802,11934,71389,50845,20544,15809,-24353,-8544,-66,11.839295768,8.4322373664,3.4070584021,2.6217964505,-4.038750646,-1.416954195
40,3,5,24,Maryland,2019,6045680,9878,70091,51453,18638,15011,-23665,-8654,-106,11.603046712,8.5176636442,3.0853830681,2.4849600405,-3.917565742,-1.432605702
40,1,1,25,Massachusetts,2010,6566307,18522,18645,12303,6342,8872,3563,12435,-255,10.600694460444444,8.297561509766666,2.3031329506555553,5.799667615800001,-2.6481702549999997,3.1514973607555556
40,1,1,25,Massachusetts,2011,6613583,47276,73185,53998,19187,33717,-5472,28245,-156,11.105555509,8.1939985842,2.911556925,5.116431169,-0.830355944,4.2860752252
40,1,1,25,Massachusetts,2012,6663005,49422,72224,52393,19831,38241,-7745,30496,-905,10.879903783,7.8925398604,2.9873639221,5.7606668219,-1.166715424,4.5939513978
40,1,1,25,Massachusetts,2013,6713315,50310,72157,54784,17373,36877,-3094,33783,-846,10.788767015,8.1911915983,2.5975754169,5.5137735939,-0.46260855,5.0511650439
40,1,1,25,Massachusetts,2014,6762596,49281,71950,54721,17229,43948,-10782,33166,-1114,10.678313325,8.121306233,2.5570070921,6.5224532872,-1.600188663,4.9222646246
40,1,1,25,Massachusetts,2015,6794228,31632,71919,57490,14429,40282,-22573,17709,-506,10.610007182,8.4813375168,2.1286696648,5.9426898217,-3.33013101,2.6125588117
40,1,1,25,Massachusetts,2016,6823608,29380,71410,55981,15429,44261,-30169,14092,-141,10.487716257,8.2217174594,2.2659987975,6.5004454452,-4.430806774,2.0696386709
40,1,1,25,Massachusetts,2017,6859789,36181,70765,58172,12593,48794,-25009,23785,-197,10.343191826,8.5025670161,1.8406248098,7.131854758,-3.655378851,3.4764759073
40,1,1,25,Massachusetts,2018,6882635,22846,70696,58890,11806,38352,-27223,11129,-89,10.288723445,8.5705403937,1.7181830513,5.5815480588,-3.961892021,1.6196560374
40,1,1,25,Massachusetts,2019,6892503,9868,70419,58564,11855,28426,-30274,-1848,-139,10.224071802,8.502854926,1.7212168764,4.1271455865,-4.395455058,-0.268309472
40,2,3,26,Michigan,2010,9877510,-6606,29100,22108,6992,4576,-18629,-14053,455,11.344874496333334,9.438870456611111,1.9060040397111113,2.109217453344444,-2.770545509666667,-0.6613280564666667
40,2,3,26,Michigan,2011,9882412,4902,113972,89833,24139,21595,-40878,-19283,46,11.535673066,9.0924447981,2.4432282678,2.1857373728,-4.137465725,-1.951728352
40,2,3,26,Michigan,2012,9897145,14733,113075,89037,24038,23918,-32963,-9045,-260,11.433521994,9.0029316632,2.4305903312,2.4184565913,-3.333037236,-0.914580645
40,2,3,26,Michigan,2013,9913065,15920,113019,92325,20694,23211,-28210,-4999,225,11.410176873,9.3209511661,2.0892257073,2.3433370974,-2.848026346,-0.504689249
40,2,3,26,Michigan,2014,9929848,16783,114518,91840,22678,23108,-28444,-5336,-559,11.542458509,9.2567054041,2.2857531049,2.3290935157,-2.866917776,-0.53782426
40,2,3,26,Michigan,2015,9931715,1867,113802,96307,17495,21215,-36387,-15172,-456,11.459521086,9.6978269031,1.7616941829,2.1362870586,-3.664062088,-1.52777503
40,2,3,26,Michigan,2016,9950571,18856,113314,94761,18553,27665,-27092,573,-270,11.398488081,9.5322036913,1.86628439,2.7828791921,-2.725239945,0.0576392473
40,2,3,26,Michigan,2017,9973114,22543,112565,97505,15060,20952,-13172,7780,-297,11.299616512,9.7878479809,1.5117685308,2.1032253823,-1.322245358,0.7809800245
40,2,3,26,Michigan,2018,9984072,10958,110376,96260,14116,13645,-16639,-2994,-164,11.06127888,9.6466505849,1.4146282948,1.3674272515,-1.667469552,-0.300042301
40,2,3,26,Michigan,2019,9986857,2785,109472,95983,13489,13146,-23670,-10524,-180,10.963135466,9.6122719178,1.3508635477,1.3165136184,-2.370445561,-1.053931943
40,2,4,27,Minnesota,2010,5310828,6901,17496,9361,8135,2935,-4035,-1100,-134,12.592804574777778,7.664575501433333,4.928229073333334,2.2672177873555555,-0.46373288571111115,1.8034849016444443
40,2,4,27,Minnesota,2011,5346143,35315,68367,39959,28408,11811,-4853,6958,-51,12.830475001,7.4991289739,5.3313460269,2.2165772995,-0.910765357,1.3058119422
40,2,4,27,Minnesota,2012,5376643,30500,68043,39303,28740,11227,-9113,2114,-354,12.691291237,7.3307440809,5.3605471563,2.0940453349,-1.699744824,0.3943005111
40,2,4,27,Minnesota,2013,5413479,36836,68955,41318,27637,10994,-1373,9621,-422,12.781134449,7.6584861598,5.1226482889,2.0377897488,-0.254492025,1.7832977236
40,2,4,27,Minnesota,2014,5451079,37600,69903,40795,29108,15877,-6701,9176,-684,12.868079861,7.5097394666,5.3583403945,2.9227143893,-1.233552253,1.6891621362
40,2,4,27,Minnesota,2015,5482032,30953,69711,42860,26851,16400,-11865,4535,-433,12.752271517,7.8404033399,4.9118681773,3.0000610073,-2.170470967,0.8295900407
40,2,4,27,Minnesota,2016,5522744,40712,69808,42608,27200,16197,-2475,13722,-210,12.686855234,7.7435469836,4.9433082509,2.9436310198,-0.449804703,2.4938263169
40,2,4,27,Minnesota,2017,5566230,43486,69570,43970,25600,10604,7531,18135,-249,12.547599084,7.9304000532,4.6171990303,1.9125304108,1.3582861679,3.2708165787
40,2,4,27,Minnesota,2018,5606249,40019,67861,43494,24367,9256,6566,15822,-170,12.14788589,7.7859175211,4.3619683689,1.6569286011,1.1753882017,2.8323168027
40,2,4,27,Minnesota,2019,5639632,33383,67642,43200,24442,9113,65,9178,-237,12.0296489,7.6828129339,4.346835966,1.6206822747,0.011559788,1.6322420627
40,3,6,28,Mississippi,2010,2970548,2418,9423,6648,2775,590,-1068,-478,121,12.786422800777776,10.33296322488889,2.4534595758111113,0.6833784903222223,-2.945384411666667,-2.2620059216666664
40,3,6,28,Mississippi,2011,2978731,8183,39734,29165,10569,2103,-4551,-2448,62,13.357585012,9.8045494252,3.5530355863,0.7069764252,-1.529933291,-0.822956866
40,3,6,28,Mississippi,2012,2983816,5085,39430,29060,10370,1975,-7558,-5583,298,13.225891553,9.7475122628,3.4783792899,0.6624685726,-2.535158213,-1.872689641
40,3,6,28,Mississippi,2013,2988711,4895,38489,30679,7810,1722,-4719,-2997,82,12.888681792,10.273373398,2.6153083946,0.57664034,-1.580235636,-1.003595296
40,3,6,28,Mississippi,2014,2990468,1757,38723,30592,8131,2588,-8968,-6380,6,12.952614397,10.232843004,2.7197713934,0.8656706882,-2.999742941,-2.134072253
40,3,6,28,Mississippi,2015,2988471,-1997,38577,31487,7090,3187,-12296,-9109,22,12.90429623,10.532637981,2.3716582491,1.0660754358,-4.113104348,-3.047028913
40,3,6,28,Mississippi,2016,2987938,-533,38159,31490,6669,850,-8032,-7182,-20,12.76987569,10.538100722,2.2317749672,0.2844517502,-2.687901715,-2.403449965
40,3,6,28,Mississippi,2017,2988510,572,37532,31950,5582,2492,-7490,-4998,-12,12.559968731,10.691969544,1.8679991861,0.8339401598,-2.506505536,-1.672565377
40,3,6,28,Mississippi,2018,2981020,-7490,36832,31603,5229,2013,-14775,-12762,43,12.339999966,10.588103251,1.7518967155,0.6744249547,-4.950138453,-4.275713498
40,3,6,28,Mississippi,2019,2976149,-4871,35978,31536,4442,1429,-10740,-9311,-2,12.078891836,10.587579436,1.4913124002,0.4797580864,-3.605739572,-3.125981486
40,2,4,29,Missouri,2010,5995974,7024,19015,13194,5821,1871,-502,1369,-166,12.277853890777777,9.657100535533333,2.6207533553666664,1.1095277487333335,-1.1032013295555556,0.006326419033333332
40,2,4,29,Missouri,2011,6010275,14301,76256,55939,20317,8387,-14354,-5967,-49,12.702718393,9.3183141546,3.3844042382,1.3971057905,-2.391088174,-0.993982384
40,2,4,29,Missouri,2012,6024367,14092,75442,55619,19823,6476,-11827,-5351,-380,12.537473071,9.2431499001,3.2943231714,1.076226447,-1.965492617,-0.88926617
40,2,4,29,Missouri,2013,6040715,16348,75168,57558,17610,5415,-6349,-934,-328,12.460420907,9.5412530143,2.9191678929,0.8976316945,-1.052458657,-0.154826963
40,2,4,29,Missouri,2014,6056202,15487,75796,57101,18695,6218,-8993,-2775,-433,12.531457395,9.4405872174,3.0908701779,1.0280305304,-1.486825114,-0.458794584
40,2,4,29,Missouri,2015,6071732,15530,75145,59996,15149,9091,-8347,744,-363,12.392052925,9.8938533142,2.4981996109,1.4991836202,-1.37649166,0.1226919606
40,2,4,29,Missouri,2016,6087135,15403,74882,59195,15687,5584,-5789,-205,-79,12.317266074,9.7369269686,2.5803391056,0.9185066339,-0.952226881,-0.033720247
40,2,4,29,Missouri,2017,6106670,19535,73765,61348,12417,8109,-898,7211,-93,12.098766546,10.062158613,2.0366079333,1.3300196288,-0.147287906,1.1827317232
40,2,4,29,Missouri,2018,6121623,14953,72323,60322,12001,5755,-2697,3058,-106,11.828797364,9.8659722988,1.9628250648,0.941259749,-0.441108174,0.5001515747
40,2,4,29,Missouri,2019,6137428,15805,71297,60141,11156,5503,-710,4793,-144,11.631732342,9.8116893388,1.8200430033,0.8977856443,-0.115832783,0.7819528608
40,4,8,30,Montana,2010,990697,1290,3063,2410,653,347,306,653,-16,11.791972707222223,9.325782706333333,2.4661900010777784,0.6518006829888888,5.277602833388889,5.9294035163666665
40,4,8,30,Montana,2011,997316,6619,12002,9118,2884,435,3297,3732,3,12.074367723,9.1729782451,2.9013894778,0.4376228928,3.3168797186,3.7545026114
40,4,8,30,Montana,2012,1003783,6467,12035,8962,3073,326,3019,3345,49,12.028390399,8.9570780856,3.0713123139,0.3258209614,3.0173419706,3.343162932
40,4,8,30,Montana,2013,1013569,9786,12207,9439,2768,1647,5318,6965,53,12.102003022,9.3578116263,2.7441913955,1.6328335362,5.2722578905,6.9050914268
40,4,8,30,Montana,2014,1021869,8300,12380,9370,3010,609,4629,5238,52,12.164457969,9.2068635842,2.9575943851,0.5983970035,4.5484067803,5.1468037838
40,4,8,30,Montana,2015,1030475,8606,12582,9682,2900,585,5074,5659,47,12.261102427,9.4350654666,2.8260369607,0.5700798697,4.9445901857,5.5146700553
40,4,8,30,Montana,2016,1040859,10384,12430,9923,2507,849,6996,7845,32,12.00192726,9.5812650205,2.4206622399,0.8197615643,6.7550670244,7.5748285887
40,4,8,30,Montana,2017,1052482,11623,12194,10260,1934,949,8699,9648,41,11.650275803,9.8025118698,1.8477639333,0.9066845774,8.311116058,9.2178006354
40,4,8,30,Montana,2018,1060665,8183,11552,9666,1886,288,5996,6284,13,10.93345612,9.1484406906,1.7850154296,0.2725792385,5.6749483117,5.9475275501
40,4,8,30,Montana,2019,1068778,8113,11618,9870,1748,322,6024,6346,19,10.911773642,9.2700297683,1.6417438739,0.3024265031,5.6578175607,5.9602440638
40,2,4,31,Nebraska,2010,1829542,3237,6509,3653,2856,650,-247,403,-22,13.831702849666668,8.4674832226,5.364219627,2.0280146929666665,-1.1669896651111111,0.861025027811111
40,2,4,31,Nebraska,2011,1840672,11130,25722,15621,10101,2073,-1013,1060,-31,14.016621374,8.5123101814,5.5043111928,1.1296344028,-0.552011409,0.5776229942
40,2,4,31,Nebraska,2012,1853303,12631,25763,15220,10543,3169,-993,2176,-88,13.948659642,8.2404455905,5.7082140513,1.7157668907,-0.537632225,1.1781346652
40,2,4,31,Nebraska,2013,1865279,11976,26029,16174,9855,3083,-878,2205,-84,13.99942236,8.6990148395,5.3004075209,1.6581589434,-0.472223014,1.1859359293
40,2,4,31,Nebraska,2014,1879321,14042,26467,15683,10784,4992,-1653,3339,-81,14.136089302,8.3763285798,5.7597607221,2.6662393847,-0.882871335,1.78336805
40,2,4,31,Nebraska,2015,1891277,11956,26859,16557,10302,4045,-2297,1748,-94,14.246546569,8.7821613442,5.4643852248,2.1455482658,-1.21837438,0.9271738859
40,2,4,31,Nebraska,2016,1905616,14339,26619,16135,10484,5871,-1963,3908,-53,14.021464392,8.4990543584,5.5224100337,3.092528549,-1.034003329,2.0585252205
40,2,4,31,Nebraska,2017,1915947,10331,26226,16881,9345,4642,-3599,1043,-57,13.725274188,8.8346051079,4.8906690796,2.4293724845,-1.883522527,0.5458499572
40,2,4,31,Nebraska,2018,1925614,9667,25470,15731,9739,3280,-3334,-54,-18,13.260234577,8.1898998871,5.0703346895,1.7076391602,-1.735752732,-0.028113572
40,2,4,31,Nebraska,2019,1934408,8794,25343,15582,9761,3295,-4220,-925,-42,13.131013243,8.0735291146,5.0574841283,1.7072441556,-2.186516035,-0.47927188
40,4,8,32,Nevada,2010,2702405,1728,8898,4939,3959,911,-3055,-2144,-87,12.50126531877778,7.921881888577778,4.579383430277777,0.8531411425666666,9.041768864455555,9.894910006777778
40,4,8,32,Nevada,2011,2712730,10325,35845,20204,15641,795,-6054,-5259,-57,13.238820454,7.4620484993,5.7767719549,0.2936214887,-2.235955336,-1.942333848
40,4,8,32,Nevada,2012,2743996,31266,34708,20414,14294,3358,13402,16760,212,12.721181162,7.4821422223,5.2390389402,1.230774644,4.9121029716,6.1428776156
40,4,8,32,Nevada,2013,2775970,31974,35082,21249,13833,4222,13900,18122,19,12.710947857,7.6989604646,5.0119873927,1.5297195671,5.0362629045,6.5659824716
40,4,8,32,Nevada,2014,2817628,41658,35223,21248,13975,3582,23725,27307,376,12.594040544,7.597256721,4.9967838232,1.2807498859,8.482912072,9.7636619578
40,4,8,32,Nevada,2015,2866939,49311,36228,22454,13774,6219,29035,35254,283,12.746089544,7.8999860499,4.8461034939,2.1880294489,10.215377882,12.403407331
40,4,8,32,Nevada,2016,2917563,50624,36290,23312,12978,2585,34931,37516,130,12.547320409,8.0601579877,4.4871624212,0.8937675188,12.077444178,12.971211696
40,4,8,32,Nevada,2017,2969905,52342,36152,24504,11648,2679,37822,40501,193,12.281000933,8.3241216768,3.9568792561,0.9100686407,12.848307626,13.758376266
40,4,8,32,Nevada,2018,3027341,57436,35700,25146,10554,-992,47650,46658,224,11.905464608,8.3858491047,3.5196155035,-0.330818512,15.890627131,15.559808619
40,4,8,32,Nevada,2019,3080156,52815,35932,25610,10322,-970,43207,42237,256,11.766522358,8.3864142709,3.3801080868,-0.317642399,14.148840351,13.831197952
40,1,1,33,New Hampshire,2010,1316762,300,3269,2538,731,448,-802,-354,-77,9.248877318911111,8.644493165422224,0.6043841534555555,2.1518723468666665,0.8713075156333333,3.0231798624555553
40,1,1,33,New Hampshire,2011,1320202,3440,12986,10741,2245,2888,-1677,1211,-16,9.8492053741,8.1464896752,1.7027156988,2.1903977453,-1.27191725,0.918480495
40,1,1,33,New Hampshire,2012,1324232,4030,12363,10516,1847,3241,-896,2345,-162,9.3502049966,7.9533087232,1.3968962735,2.4511861517,-0.677649735,1.7735364165
40,1,1,33,New Hampshire,2013,1326622,2390,12600,10888,1712,2520,-1714,806,-128,9.5063703999,8.2147111836,1.2916592162,1.90127408,-1.293168164,0.6081059161
40,1,1,33,New Hampshire,2014,1333341,6719,12215,11154,1061,2815,2964,5779,-121,9.1843382784,8.3865828209,0.7977554575,2.1165707944,2.2286024279,4.3451732223
40,1,1,33,New Hampshire,2015,1336350,3009,12378,11990,388,3885,-1133,2752,-131,9.2729832778,8.9823129343,0.2906703435,2.9104491868,-0.848787369,2.0616618178
40,1,1,33,New Hampshire,2016,1342307,5957,12355,11837,518,3770,1719,5489,-50,9.224771966,8.8380109883,0.3867609776,2.8148434085,1.2834789971,4.0983224056
40,1,1,33,New Hampshire,2017,1348787,6480,12251,12352,-101,2490,4126,6616,-35,9.1048473223,9.1799097319,-0.07506241,1.850548513,3.0664109095,4.9169594225
40,1,1,33,New Hampshire,2018,1353465,4678,12023,12378,-355,2292,2784,5076,-43,8.8985039145,9.1612477297,-0.262743815,1.6963628855,2.0605036096,3.7568664951
40,1,1,33,New Hampshire,2019,1359711,6246,12004,12125,-121,1947,4469,6416,-49,8.8486703406,8.9378647017,-0.089194361,1.4352183566,3.2942942146,4.7295125712
40,1,2,34,New Jersey,2010,8799446,7468,26541,17109,9432,6995,-8741,-1746,-218,11.611063055222225,8.184301109133335,3.426761946077778,3.657762111466667,-6.048381585222222,-2.390619473666667
40,1,2,34,New Jersey,2011,8828117,28671,106677,71062,35615,34119,-41078,-6959,15,12.103431427,8.0626005988,4.0408308284,3.8710966456,-4.660655588,-0.789558942
40,1,2,34,New Jersey,2012,8844942,16825,104508,69000,35508,27597,-46100,-18503,-180,11.826815041,7.8084954054,4.0183196356,3.1230586623,-5.216980264,-2.093921601
40,1,2,34,New Jersey,2013,8856972,12030,103457,72453,31004,28443,-47391,-18948,-26,11.688792523,8.1858944745,3.5028980482,3.2135508059,-5.35433626,-2.140785454
40,1,2,34,New Jersey,2014,8864525,7553,103320,70501,32819,29837,-55253,-25416,150,11.660414467,7.9565513004,3.7038631669,3.3673227493,-6.235703451,-2.868380702
40,1,2,34,New Jersey,2015,8867949,3424,103115,72547,30568,41051,-68366,-27315,171,11.630074856,8.1823889887,3.4476858672,4.6300363954,-7.710824784,-3.080788389
40,1,2,34,New Jersey,2016,8870827,2878,102906,71177,31729,38619,-67547,-28928,77,11.602378879,8.0250181861,3.5773606928,4.3541899396,-7.615745303,-3.261555363
40,1,2,34,New Jersey,2017,8885525,14698,101676,74783,26893,44396,-56601,-12205,10,11.452352375,8.4232391879,3.0291131872,5.000576695,-6.375296007,-1.374719312
40,1,2,34,New Jersey,2018,8886025,500,100724,75450,25274,26340,-51151,-24811,37,11.33542094,8.4910995383,2.8443214013,2.9642884273,-5.756504075,-2.792215648
40,1,2,34,New Jersey,2019,8882190,-3835,99501,75723,23778,21284,-48946,-27662,49,11.199886989,8.5234223021,2.6764646871,2.3957386828,-5.509388535,-3.113649852
40,4,8,35,New Mexico,2010,2064552,5353,6649,3836,2813,387,2069,2456,84,12.233274531,8.407088193133333,3.8261863376777776,1.3949969715333335,-3.4868825591777775,-2.091885587666667
40,4,8,35,New Mexico,2011,2080450,15898,27795,16369,11426,3991,493,4484,-12,13.411332492,7.8981867801,5.5131457114,1.9256926776,0.2378768454,2.163569523
40,4,8,35,New Mexico,2012,2087309,6859,27040,16470,10570,3650,-7247,-3597,-114,12.975798265,7.9035280111,5.0722702536,1.7515408161,-3.4776483,-1.726107484
40,4,8,35,New Mexico,2013,2092273,4964,26723,16792,9931,5549,-10583,-5034,67,12.787403142,8.0352532861,4.7521498561,2.6552894524,-5.064142778,-2.408853326
40,4,8,35,New Mexico,2014,2089568,-2705,26364,17139,9225,1780,-13779,-11999,69,12.608800765,8.1968683171,4.4119324479,0.8512997027,-6.589920564,-5.738620861
40,4,8,35,New Mexico,2015,2089291,-277,26054,17633,8421,3736,-12431,-8695,-3,12.469432446,8.4391457094,4.0302867362,1.7880478858,-5.949470896,-4.16142301
40,4,8,35,New Mexico,2016,2091630,2339,25263,18141,7122,2437,-7165,-4728,-55,12.084897084,8.6779922414,3.4069048423,1.1657718479,-3.427474473,-2.261702625
40,4,8,35,New Mexico,2017,2091784,154,24131,18527,5604,2076,-7499,-5423,-27,11.536510611,8.8573590852,2.6791515255,0.9924908221,-3.585110152,-2.59261933
40,4,8,35,New Mexico,2018,2092741,957,23404,18574,4830,1437,-5244,-3807,-66,11.185976903,8.8774711586,2.3085057444,0.6868163053,-2.506377665,-1.81956136
40,4,8,35,New Mexico,2019,2096829,4088,23125,18388,4737,1546,-2136,-590,-59,11.039319071,8.7779891492,2.2613299217,0.7380232339,-1.01967505,-0.281651816
40,1,2,36,New York,2010,19399878,21734,61427,35112,26315,18839,-22616,-3777,-804,12.012624288777777,7.858062925355556,4.154561363266667,3.854154272833333,-7.696604294666666,-3.842450021766667
40,1,2,36,New York,2011,19499241,99363,243118,149781,93337,86625,-80582,6043,-17,12.499923199,7.7009970329,4.7989261659,4.4538283759,-4.143127252,0.3107011241
40,1,2,36,New York,2012,19572932,73691,239915,146882,93033,89588,-108406,-18818,-524,12.280606968,7.5184966037,4.7621103643,4.5857700313,-5.549013105,-0.963243073
40,1,2,36,New York,2013,19624447,51515,239882,152549,87333,77368,-112483,-35115,-703,12.239695925,7.7836326761,4.4560632485,3.9476108849,-5.739312315,-1.79170143
40,1,2,36,New York,2014,19651049,26602,237017,148838,88179,83963,-145432,-61469,-108,12.069459288,7.5791786309,4.4902806574,4.2755920893,-7.405737155,-3.130145066
40,1,2,36,New York,2015,19654666,3617,239352,153893,85459,83817,-165857,-82040,198,12.178992292,7.8305661149,4.3484261767,4.2648759856,-8.43933255,-4.174456564
40,1,2,36,New York,2016,19633428,-21238,235832,151605,84227,88346,-194013,-105667,202,12.005265514,7.7176052368,4.2876602769,4.497342121,-9.876427194,-5.379085073
40,1,2,36,New York,2017,19589572,-43856,231376,155137,76239,67742,-187910,-120168,73,11.797975678,7.9105116896,3.887463988,3.4541977921,-9.581623027,-6.127425235
40,1,2,36,New York,2018,19530351,-59221,226993,160899,66094,55959,-181262,-125303,-12,11.604981942,8.2259364365,3.3790455058,2.8608952017,-9.266991655,-6.406096454
40,1,2,36,New York,2019,19453561,-76790,222924,164817,58107,45753,-180649,-134896,-1,11.436717793,8.4556419068,2.9810758859,2.3472759737,-9.267874399,-6.920598425
40,3,5,37,North Carolina,2010,9574323,38572,29917,18643,11274,4585,20699,25284,2014,12.018103479999999,8.708356457044445,3.309747022988889,1.767702471366667,5.013475457588888,6.781177928966667
40,3,5,37,North Carolina,2011,9657592,83269,121068,79974,41094,9732,32249,41981,194,12.590321869,8.316800485,4.2735213836,1.012067701,3.3536961868,4.3657638878
40,3,5,37,North Carolina,2012,9749476,91884,119567,79529,40038,21531,29492,51023,823,12.32200557,8.1958799753,4.1261255951,2.2188823165,3.0393050614,5.2581873779
40,3,5,37,North Carolina,2013,9843336,93860,119394,84358,35036,19092,39022,58114,710,12.187530815,8.6111171791,3.5764136358,1.9488779865,3.9832975481,5.9321755346
40,3,5,37,North Carolina,2014,9932887,89551,120207,83523,36684,17822,34379,52201,666,12.156719713,8.4468100911,3.7099096223,1.8023664074,3.4768014095,5.2791678168
40,3,5,37,North Carolina,2015,10031646,98759,120836,88466,32370,21249,44759,66008,381,12.10506652,8.8623159881,3.2427505317,2.1286748856,4.4838514379,6.6125263236
40,3,5,37,North Carolina,2016,10154788,123142,120837,89237,31600,20381,70958,91339,203,11.972099678,8.8412842011,3.1308154774,2.0192769065,7.0302659697,9.0495428762
40,3,5,37,North Carolina,2017,10268233,113445,120151,91775,28376,20173,64697,84870,199,11.766231842,8.9874069071,2.7788249349,1.9755157672,6.3356934314,8.3112091987
40,3,5,37,North Carolina,2018,10381615,113382,120176,93703,26473,14913,71915,86828,81,11.639407709,9.0754178917,2.5639898173,1.4443689852,6.9651844411,8.4095534263
40,3,5,37,North Carolina,2019,10488084,106469,119203,94312,24891,14184,67338,81522,56,11.423547604,9.0381753949,2.3853722088,1.3592912864,6.4531836324,7.8124749188
40,2,4,38,North Dakota,2010,674715,2139,2336,1494,842,436,817,1253,44,14.464638880000003,8.458716791966667,6.005922088077778,1.857333839622222,5.422120986622222,7.279454826222221
40,2,4,38,North Dakota,2011,685225,10510,9211,6045,3166,1070,6216,7286,58,13.546185861,8.8900980926,4.6560877686,1.5735988352,9.1415797756,10.715178611
40,2,4,38,North Dakota,2012,701176,15951,9879,5936,3943,1132,10456,11588,420,14.251288047,8.5631790514,5.6881089959,1.6330051695,15.083659057,16.716664226
40,2,4,38,North Dakota,2013,722036,20860,10261,6223,4038,1094,15237,16331,491,14.419496182,8.7450077712,5.6744884107,1.5373675882,21.412129746,22.949497334
40,2,4,38,North Dakota,2014,737401,15365,10974,6204,4770,783,9492,10275,320,15.038675873,8.5019086127,6.5367672603,1.0730165125,13.00775573,14.080772243
40,2,4,38,North Dakota,2015,754066,16665,11406,6323,5083,2067,9354,11421,161,15.295008203,8.4789003042,6.8161078991,2.7717676623,12.543354965,15.315122628
40,2,4,38,North Dakota,2016,754434,368,11341,6145,5196,1436,-6302,-4866,38,15.036128605,8.147166059,6.8889625456,1.9038780245,-8.355319854,-6.45144183
40,2,4,38,North Dakota,2017,754942,508,11140,6377,4763,2692,-6981,-4289,34,14.761066825,8.4498494742,6.3112173507,3.5670369742,-9.250180207,-5.683143233
40,2,4,38,North Dakota,2018,758080,3138,10570,6150,4420,1063,-2358,-1295,13,13.972037419,8.1294257453,5.8426116739,1.405134889,-3.116940798,-1.711805909
40,2,4,38,North Dakota,2019,762062,3982,10536,6250,4286,951,-1267,-316,12,13.861862905,8.2229160171,5.6389468879,1.2511989012,-1.666949535,-0.415750634
40,2,3,39,Ohio,2010,11539336,2585,34801,26542,8259,3321,-8632,-5311,-363,11.86594196877778,9.992383664177778,1.8735583046444448,1.6017750981666667,-2.0024950573333333,-0.40071995907777774
40,2,3,39,Ohio,2011,11544663,5327,137921,110620,27301,14560,-36491,-21931,-43,11.949489341,9.5841279494,2.3653613917,1.2614798675,-3.161583918,-1.90010405
40,2,3,39,Ohio,2012,11548923,4260,137689,111343,26346,17404,-39094,-21690,-396,11.924436508,9.6427640125,2.2816724956,1.5072583357,-3.385701987,-1.878443651
40,2,3,39,Ohio,2013,11576684,27761,139088,114504,24584,23979,-20099,3880,-703,12.02891669,9.9027887138,2.1261279758,2.0738050249,-1.738246265,0.3355587596
40,2,3,39,Ohio,2014,11602700,26016,139559,111902,27657,20703,-21352,-649,-992,12.041648734,9.6553040409,2.3863446932,1.786328748,-1.842326785,-0.055998037
40,2,3,39,Ohio,2015,11617527,14827,139561,118309,21252,24447,-30255,-5808,-617,12.020640453,10.190167392,1.8304730613,2.1056641694,-2.605917677,-0.500253507
40,2,3,39,Ohio,2016,11634370,16843,138667,117570,21097,24174,-28077,-3903,-351,11.927370915,10.112723276,1.8146476393,2.0793142168,-2.415028761,-0.335714544
40,2,3,39,Ohio,2017,11659650,25280,136909,122177,14732,19217,-8334,10883,-335,11.754862407,10.489988418,1.2648739891,1.6499513609,-0.715548454,0.9344029068
40,2,3,39,Ohio,2018,11676341,16691,135947,119884,16063,13237,-12281,956,-328,11.65127292,10.274601152,1.3766717685,1.1344707838,-1.052537259,0.0819335249
40,2,3,39,Ohio,2019,11689100,12759,134291,117750,16541,9553,-12916,-3363,-419,11.494839751,10.078988023,1.4158517273,0.8177033765,-1.10556441,-0.287861034
40,3,7,40,Oklahoma,2010,3759944,8362,13157,7878,5279,1200,1560,2760,323,13.399318657666665,10.083387830333333,3.3159308272222225,1.5866297222777779,0.7756107993666667,2.3622405216666666
40,3,7,40,Oklahoma,2011,3788379,28435,52572,37762,14810,6613,7030,13643,-18,13.929451615,10.0054012,3.9240504149,1.7521772717,1.8626653894,3.6148426611
40,3,7,40,Oklahoma,2012,3818814,30435,52344,36961,15383,6498,8447,14945,107,13.761712106,9.7173819568,4.0443301491,1.7083831053,2.2207928733,3.9291759786
40,3,7,40,Oklahoma,2013,3853214,34400,53335,38598,14737,5587,13841,19428,235,13.903755304,10.062007073,3.8417482314,1.4564597522,3.6081724415,5.0646321937
40,3,7,40,Oklahoma,2014,3878187,24973,53074,38607,14467,6415,4217,10632,-126,13.729465074,9.9870644402,3.7424006335,1.6594663761,1.0908760262,2.7503424024
40,3,7,40,Oklahoma,2015,3909500,31313,53525,39730,13795,9257,8317,17574,-56,13.746058361,10.20328629,3.5427720708,2.3773425922,2.135935869,4.5132784612
40,3,7,40,Oklahoma,2016,3926331,16831,52860,39282,13578,7697,-4358,3339,-86,13.491868316,10.026249928,3.4656183881,1.9645650857,-1.112326185,0.852238901
40,3,7,40,Oklahoma,2017,3931316,4985,51467,40329,11138,4399,-10504,-6105,-48,13.099850375,10.264905003,2.8349453723,1.1196736122,-2.673573908,-1.553900296
40,3,7,40,Oklahoma,2018,3940235,8919,49525,40486,9039,4353,-4408,-55,-65,12.583288859,10.286663962,2.2966248964,1.106008206,-1.11998258,-0.013974374
40,3,7,40,Oklahoma,2019,3956971,16736,48759,40266,8493,4484,3822,8306,-63,12.348417909,10.19753062,2.1508872885,1.1355914991,0.9679372679,2.103528767
40,4,9,41,Oregon,2010,3837491,6412,11884,7822,4062,1565,995,2560,-210,11.186039128111112,8.662154405022221,2.5238847229888886,1.5744045844333334,6.384153040277778,7.958557624622222
40,4,9,41,Oregon,2011,3872036,34545,45393,32496,12897,10227,11426,21653,-5,11.77581971,8.4300891611,3.3457305487,2.6530810515,2.964124777,5.6172058286
40,4,9,41,Oregon,2012,3899001,26965,44925,32943,11982,4187,10910,15097,-114,11.562163454,8.4784051343,3.0837583195,1.0775910602,2.8078620653,3.8854531255
40,4,9,41,Oregon,2013,3922468,23467,45007,33418,11589,3178,8768,11946,-68,11.508579782,8.5451978394,2.9633819427,0.8126350689,2.2420340731,3.0546691421
40,4,9,41,Oregon,2014,3963244,40776,45452,33804,11648,6700,22278,28978,150,11.527684501,8.5734807459,2.9542037548,1.6992758549,5.650219029,7.3494948839
40,4,9,41,Oregon,2015,4015792,52548,45668,35388,10280,5094,36867,41961,307,11.446996855,8.8702444756,2.5767523796,1.2768459749,9.2409659513,10.517811926
40,4,9,41,Oregon,2016,4089976,74184,45593,35334,10259,12604,51117,63721,204,11.249520095,8.7182361992,2.5312838956,3.1098842207,12.612500136,15.722384356
40,4,9,41,Oregon,2017,4143625,53649,44711,36831,7880,8026,37653,45679,90,10.86061858,8.9465107673,1.9141078126,1.9495722467,9.1461803894,11.095752636
40,4,9,41,Oregon,2018,4181886,38261,43425,36180,7245,3356,27663,31019,-3,10.431792115,8.6913584043,1.7404337103,0.8061967608,6.6453578645,7.4515546253
40,4,9,41,Oregon,2019,4217737,35851,43305,36563,6742,3295,25821,29116,-7,10.311177061,8.7058669181,1.6053101431,0.7845590213,6.1481330769,6.9326920982
40,1,2,42,Pennsylvania,2010,12711160,8292,36120,30212,5908,5416,-1674,3742,-1358,10.969520685555555,10.23442238948889,0.7350982960666667,2.3361770022888892,-2.217260793888889,0.11891620845555556
40,1,2,42,Pennsylvania,2011,12745815,34655,142973,127718,15255,27287,-7522,19765,-365,11.232520753,10.034028002,1.198492751,2.1437739559,-0.590957881,1.552816075
40,1,2,42,Pennsylvania,2012,12767118,21303,142105,125530,16575,25397,-18975,6422,-1694,11.139840331,9.8404993264,1.2993410048,1.990911825,-1.487480879,0.5034309462
40,1,2,42,Pennsylvania,2013,12776309,9191,141793,130935,10858,29379,-30128,-749,-918,11.102112493,10.251952489,0.850160004,2.3003178078,-2.358963032,-0.058645224
40,1,2,42,Pennsylvania,2014,12788313,12004,142216,126737,15479,34547,-36614,-2067,-1408,11.126000611,9.915030232,1.2109703793,2.7027194065,-2.864427254,-0.161707848
40,1,2,42,Pennsylvania,2015,12784826,-3487,141920,132748,9172,31806,-43668,-11862,-797,11.099145866,10.381830717,0.7173151485,2.4874537303,-3.415145868,-0.927692138
40,1,2,42,Pennsylvania,2016,12782275,-2551,140259,129972,10287,37975,-50422,-12447,-391,10.971834468,10.167128452,0.8047060165,2.9706144627,-3.944287622,-0.973673159
40,1,2,42,Pennsylvania,2017,12787641,5366,137982,135741,2241,31046,-27406,3640,-515,10.792526655,10.617242544,0.1752841112,2.4283224083,-2.14361283,0.2847095782
40,1,2,42,Pennsylvania,2018,12800922,13281,136914,134063,2851,31675,-20731,10944,-514,10.701187089,10.478353161,0.2228339278,2.4757154202,-1.620333272,0.8553821487
40,1,2,42,Pennsylvania,2019,12801989,1067,135190,133439,1751,19532,-19588,-56,-628,10.560517904,10.423736582,0.1367813215,1.5257640039,-1.530138507,-0.004374503
40,1,1,44,Rhode Island,2010,1053959,995,2878,2329,549,1661,-1168,493,-47,10.230514650422222,9.270461392966668,0.9600532575555556,3.7098744000222217,-4.065270235222223,-0.35539583528888896
40,1,1,44,Rhode Island,2011,1053649,-310,10998,9754,1244,4455,-6018,-1563,9,10.436475853,9.2559906776,1.1804851756,4.2275413644,-5.710739378,-1.483198014
40,1,1,44,Rhode Island,2012,1054621,972,11005,9319,1686,4376,-5043,-667,-47,10.4398393,8.8404236649,1.5994156346,4.1512709473,-4.784017227,-0.63274628
40,1,1,44,Rhode Island,2013,1055081,460,10871,9631,1240,3799,-4539,-740,-40,10.305720903,9.130199431,1.1755214718,3.601456509,-4.302977387,-0.701520878
40,1,1,44,Rhode Island,2014,1055936,855,10731,9697,1034,3469,-3539,-70,-109,10.166663745,9.1870411276,0.9796226179,3.2865675644,-3.35288631,-0.066318746
40,1,1,44,Rhode Island,2015,1056065,129,10875,10079,796,4509,-5129,-620,-47,10.298290578,9.5445030566,0.7537875219,4.2698843419,-4.857005276,-0.587120934
40,1,1,44,Rhode Island,2016,1056770,705,10901,9831,1070,4120,-4458,-338,-27,10.318837013,9.3059798801,1.0128571327,3.8999732587,-4.219922521,-0.319949262
40,1,1,44,Rhode Island,2017,1055673,-1097,10663,10044,619,2226,-3912,-1686,-30,10.095420326,9.5093690102,0.5860513159,2.1075124867,-3.703768575,-1.596256088
40,1,1,44,Rhode Island,2018,1058287,2614,10691,9939,752,4653,-2769,1884,-22,10.114666313,9.4032053587,0.7114609548,4.4021646578,-2.619727904,1.7824367538
40,1,1,44,Rhode Island,2019,1059361,1074,10481,9802,679,3645,-3215,430,-35,9.8987178228,9.25744033,0.6412774928,3.44249847,-3.036387539,0.4061109306
40,3,5,45,South Carolina,2010,4635649,10283,14171,9658,4513,1167,4483,5650,120,11.764399936666667,9.514555509655557,2.249844427088889,1.1340057833555557,8.211438954877778,9.345444738055555
40,3,5,45,South Carolina,2011,4671994,36345,57488,42033,15455,2670,18146,20816,74,12.352858828,9.0319321444,3.3209266836,0.5737220476,3.8991611518,4.4728831993
40,3,5,45,South Carolina,2012,4717354,45360,57527,42073,15454,5837,23594,29431,475,12.253672992,8.9618576285,3.2918153635,1.2433238176,5.0256950749,6.2690188925
40,3,5,45,South Carolina,2013,4764080,46726,56570,44662,11908,5054,29289,34343,475,11.932794132,9.4209378033,2.5118563289,1.0660834637,6.1781793767,7.2442628404
40,3,5,45,South Carolina,2014,4823617,59537,57287,44538,12749,6234,39825,46059,729,11.950106475,9.290656557,2.659449918,1.3004165651,8.3075216082,9.6079381733
40,3,5,45,South Carolina,2015,4891938,68321,58277,46872,11405,7289,49065,56354,562,11.99663838,9.6488569104,2.34778147,1.5004804152,10.100297924,11.600778339
40,3,5,45,South Carolina,2016,4957968,66030,57755,47256,10499,5165,50199,55364,167,11.727015466,9.5952184721,2.1317969938,1.0487409728,10.192787627,11.241528599
40,3,5,45,South Carolina,2017,5021268,63300,56943,48815,8128,5757,49262,55019,153,11.412296492,9.7833140733,1.6289824191,1.1537957415,9.8729000897,11.026695831
40,3,5,45,South Carolina,2018,5084156,62888,56793,50428,6365,6067,50330,56397,126,11.240102345,9.9803828122,1.2597195328,1.2007413049,9.9609872876,11.161728592
40,3,5,45,South Carolina,2019,5148714,64558,56353,50744,5609,5724,53034,58758,191,11.01411432,9.9178431857,1.0962711341,1.1187477218,10.365420454,11.484168176
40,2,4,46,South Dakota,2010,816166,1968,3028,1929,1099,169,687,856,13,14.208135478666668,8.796719185977777,5.411416292655556,1.8283766821222223,1.6850075945111112,3.5133842766666668
40,2,4,46,South Dakota,2011,823579,7413,11794,7289,4505,1237,1674,2911,-3,14.385163547,8.8904067401,5.4947568067,1.5087711809,2.0417808867,3.5505520675
40,2,4,46,South Dakota,2012,833566,9987,11897,7415,4482,2105,3292,5397,108,14.358429709,8.9491263589,5.40930335,2.5405139562,3.9730983106,6.5136122669
40,2,4,46,South Dakota,2013,842316,8750,12059,7279,4780,89,3788,3877,93,14.391228022,8.6867691162,5.7044589058,0.1062127286,4.5206046726,4.6268174012
40,2,4,46,South Dakota,2014,849129,6813,12439,7159,5280,1066,385,1451,82,14.708134169,8.4649515651,6.2431826042,1.2604607303,0.4552320649,1.7156927952
40,2,4,46,South Dakota,2015,853988,4859,12255,7744,4511,1615,-1228,387,-39,14.39126026,9.093914276,5.2973459839,1.8965226699,-1.44206182,0.4544608503
40,2,4,46,South Dakota,2016,862996,9008,12314,7750,4564,3232,1242,4474,-30,14.343756261,9.0274574486,5.3162988123,3.7647409644,1.4467228582,5.2114638226
40,2,4,46,South Dakota,2017,872868,9872,12196,8079,4117,3748,2011,5759,-4,14.051792076,9.3083329109,4.743459165,4.3183106511,2.3170017928,6.6353124438
40,2,4,46,South Dakota,2018,878698,5830,12028,7381,4647,513,665,1178,5,13.73399575,8.4278868167,5.3061089334,0.5857615414,0.7593205166,1.345082058
40,2,4,46,South Dakota,2019,884659,5961,11911,7337,4574,418,964,1382,5,13.509459514,8.3216274413,5.1878320726,0.4740957163,1.0933690682,1.5674647845
40,3,6,47,Tennessee,2010,6355311,9035,19678,14302,5376,982,2848,3830,-171,12.244029867333333,9.905844028322223,2.338185839166667,1.3191065669888888,4.3092110726333335,5.628317639644444
40,3,6,47,Tennessee,2011,6399291,43980,78632,60180,18452,8537,16968,25505,23,12.329980975,9.4365939447,2.89338703,1.3386540795,2.6606867074,3.999340787
40,3,6,47,Tennessee,2012,6453898,54607,80318,60650,19668,7785,26761,34546,393,12.497754448,9.4373466383,3.0604078101,1.211372524,4.1641027764,5.3754753003
40,3,6,47,Tennessee,2013,6494340,40442,80277,63478,16799,9782,13438,23220,423,12.3996794,9.8048861938,2.5947932066,1.5109391718,2.0756492119,3.5865883837
40,3,6,47,Tennessee,2014,6541223,46883,80458,63582,16876,7409,22248,29657,350,12.344384358,9.7551597886,2.5892245697,1.13673648,3.4134313953,4.5501678754
40,3,6,47,Tennessee,2015,6591170,49947,81877,66105,15772,9924,24156,34080,95,12.469471482,10.06747209,2.4019993919,1.5113772486,3.6788420816,5.1902193302
40,3,6,47,Tennessee,2016,6646010,54840,81248,66653,14595,7236,32954,40190,55,12.275726401,10.070573944,2.2051524569,1.0932842191,4.9790061025,6.0722903217
40,3,6,47,Tennessee,2017,6708799,62789,80601,69124,11477,8632,42619,51251,61,12.070708012,10.351926411,1.7187816014,1.2927178517,6.3825697545,7.6752876061
40,3,6,47,Tennessee,2018,6771631,62832,80946,68970,11976,9506,41341,50847,9,12.009409195,10.232611274,1.7767979211,1.4103407681,6.1334838725,7.5438246406
40,3,6,47,Tennessee,2019,6829174,57543,80239,67977,12262,9293,36009,45302,-21,11.799154535,9.9960259705,1.8031285648,1.3665367601,5.2951277516,6.6616645118
40,3,7,48,Texas,2010,25241971,95880,92768,41027,51741,14860,28097,42957,1182,14.296222090888891,6.829328257077778,7.466893833688889,3.2914294271777775,4.591770694299999,7.883200121399999
40,3,7,48,Texas,2011,25645629,403658,381723,168140,213583,69059,120672,189731,344,15.002593952,6.6082896423,8.3943043099,2.7141779137,4.7426878061,7.4568657197
40,3,7,48,Texas,2012,26084481,438852,378089,169177,208912,84959,141740,226699,3241,14.617753568,6.540755471,8.0769980965,3.2847020816,5.4799806148,8.7646826964
40,3,7,48,Texas,2013,26480266,395785,384445,178624,205821,79798,107657,187455,2509,14.627484082,6.7963420427,7.831142039,3.0361793618,4.096167342,7.1323467038
40,3,7,48,Texas,2014,26964333,484067,394346,180737,213609,107045,160260,267305,3153,14.757188093,6.7635272182,7.9936608749,4.0058304114,5.9972383739,10.003068785
40,3,7,48,Texas,2015,27470056,505723,402264,187837,214427,117660,172048,289708,1588,14.779774602,6.9014093278,7.8783652738,4.3230025049,6.3212981044,10.644300609
40,3,7,48,Texas,2016,27914410,444354,400965,188794,212171,110866,120910,231776,407,14.479330721,6.8175794996,7.661751221,4.0035052428,4.3662062211,8.3697114639
40,3,7,48,Texas,2017,28295273,380863,391340,194141,197199,98188,84790,182978,686,13.9242913,6.9077422123,7.0165490882,3.4936329387,3.0169179214,6.5105508601
40,3,7,48,Texas,2018,28628666,333393,379544,201799,177745,71278,83795,155073,575,13.335127775,7.090127758,6.2450000166,2.5043242352,2.9441040614,5.4484282966
40,3,7,48,Texas,2019,28995881,367215,378664,202786,175878,65044,125660,190704,633,13.142454725,7.0381811418,6.1042735833,2.2575101545,4.3613358036,6.6188459581
40,4,8,49,Utah,2010,2775332,11441,13756,3678,10078,930,488,1418,-55,16.982420441666665,5.640770172600001,11.34165026897778,1.7471324318777777,2.9578964521777777,4.705028883999999
40,4,8,49,Utah,2011,2814384,39052,51932,15008,36924,2557,-387,2170,-42,18.581266025,5.3698613668,13.211404658,0.914894424,-0.138468573,0.7764258506
40,4,8,49,Utah,2012,2853375,38991,50446,15471,34975,4891,-777,4114,-98,17.801039176,5.4593005807,12.341738595,1.725902601,-0.274182441,1.4517201596
40,4,8,49,Utah,2013,2897640,44265,51854,16264,35590,3184,5596,8780,-105,18.032990698,5.6560450633,12.376945635,1.1072828014,1.9460912552,3.0533740566
40,4,8,49,Utah,2014,2936879,39239,50825,16284,34541,5166,-255,4911,-213,17.422173105,5.5819511428,11.840221962,1.7708400641,-0.087410805,1.6834292595
40,4,8,49,Utah,2015,2981835,44956,51013,17269,33744,3810,7609,11419,-207,17.237866199,5.8353892416,11.402476957,1.2874418328,2.5711666419,3.8586084747
40,4,8,49,Utah,2016,3041868,60033,50622,17786,32836,7304,19852,27156,41,16.80760157,5.9053376304,10.90226394,2.425086363,6.5912944247,9.0163807877
40,4,8,49,Utah,2017,3101042,59174,49761,17861,31900,8898,18329,27227,47,16.201116409,5.8151592649,10.385957144,2.8969983282,5.9675300468,8.864528375
40,4,8,49,Utah,2018,3153550,52508,48349,17695,30654,5758,16083,21841,13,15.460320993,5.6582427759,9.8020782171,1.8412072282,5.1427814956,6.9839887238
40,4,8,49,Utah,2019,3205958,52408,48642,17443,31199,5579,15588,21167,42,15.2974098,5.485644487,9.8117653127,1.7545382442,4.9022660244,6.6568042685
40,1,1,50,Vermont,2010,625879,142,1656,1326,330,87,-212,-125,-63,9.4069805189,9.101574543055555,0.3054059759111112,1.3179727664222223,-1.9004410013333333,-0.5824682347444444
40,1,1,50,Vermont,2011,627049,1170,6055,5436,619,1156,-594,562,-11,9.6653598611,8.6772743526,0.9880855085,1.8452776217,-0.948178986,0.8970986362
40,1,1,50,Vermont,2012,626090,-959,6086,5459,627,212,-1756,-1544,-42,9.7132081916,8.712521117,1.0006870746,0.3383503346,-2.802562206,-2.464211871
40,1,1,50,Vermont,2013,626210,120,5980,5561,419,316,-537,-221,-78,9.5504272139,8.8812584844,0.6691687295,0.5046714046,-0.857621976,-0.352950571
40,1,1,50,Vermont,2014,625214,-996,6118,5601,517,286,-1719,-1433,-80,9.7776612883,8.9514025622,0.8262587261,0.4570792953,-2.74727031,-2.290191014
40,1,1,50,Vermont,2015,625216,2,5972,5912,60,2144,-2162,-18,-40,9.5519141415,9.4559471542,0.0959669874,3.4292203482,-3.458010444,-0.028790096
40,1,1,50,Vermont,2016,623657,-1559,5832,5811,21,646,-2212,-1566,-14,9.3396206019,9.3059902808,0.0336303211,1.0345327347,-3.542393822,-2.507861088
40,1,1,50,Vermont,2017,624344,687,5775,6021,-246,1817,-854,963,-30,9.2548002766,9.6490307299,-0.394230453,2.9118566411,-1.368588647,1.5432679942
40,1,1,50,Vermont,2018,624358,14,5537,5778,-241,454,-179,275,-20,8.8684089559,9.2544097791,-0.386000823,0.7271550778,-0.286697707,0.4404573709
40,1,1,50,Vermont,2019,623989,-369,5581,5634,-53,383,-682,-299,-17,8.9414241393,9.0263364273,-0.084912288,0.6136114398,-1.092644914,-0.479033474
40,3,5,51,Virginia,2010,8023699,22650,25705,14653,11052,5713,5551,11264,334,12.24108348811111,7.792613428999999,4.448470059244445,3.4235100600555555,-1.006491597488889,2.417018462566667
40,3,5,51,Virginia,2011,8101155,77456,102349,60458,41891,22423,13026,35449,116,12.694564552,7.4987345622,5.1958299902,2.7811724683,1.6156425354,4.3968150037
40,3,5,51,Virginia,2012,8185080,83925,102760,60211,42549,36694,4466,41160,216,12.619245639,7.3940969168,5.2251487222,4.506136624,0.5484386047,5.0545752287
40,3,5,51,Virginia,2013,8252427,67347,102510,63454,39056,25291,3113,28404,-113,12.472694308,7.7206354954,4.7520588128,3.0772306287,0.3787678995,3.4559985282
40,3,5,51,Virginia,2014,8310993,58566,102580,62609,39971,34274,-15987,18287,308,12.386330842,7.5599121437,4.8264186986,4.1385172869,-1.930398432,2.2081188547
40,3,5,51,Virginia,2015,8361808,50815,103234,65247,37987,38051,-25367,12684,144,12.383522121,7.826759283,4.5567628379,4.5644400122,-3.042920023,1.5215199894
40,3,5,51,Virginia,2016,8410106,48298,102910,65329,37581,35662,-24979,10683,34,12.271706139,7.7902855929,4.4814205463,4.2525856023,-2.978670174,1.2739154279
40,3,5,51,Virginia,2017,8463587,53481,101430,67950,33480,32574,-12473,20101,-100,12.02226448,8.0539571272,3.9683073528,3.8609212577,-1.478395986,2.3825252717
40,3,5,51,Virginia,2018,8501286,37699,99818,68737,31081,15990,-9317,6673,-55,11.76760946,8.1034499934,3.6641594664,1.8850715829,-1.098387238,0.7866843448
40,3,5,51,Virginia,2019,8535519,34233,98403,69729,28674,14869,-9136,5733,-174,11.551813852,8.1856897464,3.366124106,1.7455150775,-1.072501564,0.673013514
40,4,9,53,Washington,2010,6742830,18290,22246,11850,10396,5863,2318,8181,-287,12.318740948777778,7.498506247088888,4.820234701711112,3.5543376038555556,5.1334514486777785,8.687789052477777
40,4,9,53,Washington,2011,6826627,83797,86686,49814,36872,19442,27417,46859,66,12.776635056,7.3420771369,5.4345579193,2.8655531316,4.0409870491,6.9065401806
40,4,9,53,Washington,2012,6897058,70431,86714,49426,37288,21495,11981,33476,-333,12.637130625,7.2030216374,5.4341089875,3.1325405676,1.7460324978,4.8785730655
40,4,9,53,Washington,2013,6963985,66927,87241,51309,35932,18984,12018,31002,-7,12.587941614,7.4033389839,5.1846026306,2.7391878086,1.7340686412,4.4732564497
40,4,9,53,Washington,2014,7054655,90670,87387,51278,36109,30216,24456,54672,-111,12.46725788,7.3156882551,5.1515696244,4.3108318639,3.4890688398,7.7999007036
40,4,9,53,Washington,2015,7163657,109002,88772,53852,34920,32397,41599,73996,86,12.486995643,7.5750201571,4.9119754863,4.5570810375,5.851468163,10.4085492
40,4,9,53,Washington,2016,7294771,131114,89751,54708,35043,28294,67523,95817,254,12.415042631,7.567627684,4.8474149472,3.9138418091,9.3402961926,13.254138002
40,4,9,53,Washington,2017,7423362,128591,89724,56062,33662,30369,64310,94679,250,12.192307272,7.6180857993,4.5742214722,4.1267462388,8.7388801283,12.865626367
40,4,9,53,Washington,2018,7523869,100507,87338,57709,29629,23609,47153,70762,116,11.686177861,7.7216977512,3.9644801101,3.1589797468,6.3092622306,9.4682419774
40,4,9,53,Washington,2019,7614893,91024,87950,58587,29363,24103,37476,61579,82,11.619179957,7.7399988189,3.8791811378,3.1842762308,4.9509992957,8.1352755265
40,3,5,54,West Virginia,2010,1854239,1221,5100,5228,-128,81,1323,1404,-55,10.708093742833334,12.163142637222222,-1.4550488945555555,0.39865572661111115,-2.6994339521111113,-2.3007782255111113
40,3,5,54,West Virginia,2011,1856301,2062,20465,21901,-1436,1857,1670,3527,-29,11.030739461,11.804750791,-0.77401133,1.0009324788,0.9001385243,1.9010710031
40,3,5,54,West Virginia,2012,1856872,571,20667,21494,-827,882,656,1538,-140,11.131719422,11.577160558,-0.445441136,0.4750653956,0.3533366207,0.8284020163
40,3,5,54,West Virginia,2013,1853914,-2958,20923,22248,-1325,625,-2157,-1532,-101,11.27685617,11.990990588,-0.714134418,0.3368558575,-1.162556935,-0.825701078
40,3,5,54,West Virginia,2014,1849489,-4425,20574,21655,-1081,992,-4288,-3296,-48,11.110862091,11.694649489,-0.583787398,0.5357234954,-2.315708012,-1.779984517
40,3,5,54,West Virginia,2015,1842050,-7439,20083,22759,-2676,1271,-5981,-4710,-53,10.880556863,12.330358693,-1.449801831,0.6886016916,-3.240382941,-2.551781249
40,3,5,54,West Virginia,2016,1831023,-11027,19411,22459,-3048,1099,-9053,-7954,-25,10.569351603,12.228997355,-1.659645752,0.5984090161,-4.929387464,-4.330978448
40,3,5,54,West Virginia,2017,1817004,-14019,18870,23142,-4272,400,-10134,-9734,-13,10.345318168,12.687406097,-2.342087929,0.2192966225,-5.555879932,-5.336583309
40,3,5,54,West Virginia,2018,1804291,-12713,18251,22822,-4571,-132,-7987,-8119,-23,10.079819512,12.604330771,-2.524511259,-0.072902097,-4.411129168,-4.484031265
40,3,5,54,West Virginia,2019,1792147,-12144,17888,22567,-4679,-349,-7073,-7422,-43,9.9476203955,12.549639393,-2.602018998,-0.194080921,-3.933336262,-4.127417183
40,2,3,55,Wisconsin,2010,5690475,3190,17554,11770,5784,1151,-3437,-2286,-308,11.530900599666666,8.731486691922223,2.7994139077000004,1.1218329412777779,-1.3267788338888888,-0.2049458927222222
40,2,3,55,Wisconsin,2011,5705288,14813,67797,48474,19323,3948,-8377,-4429,-81,11.898632852,8.5073724331,3.3912604185,0.6928891027,-1.470195545,-0.777306443
40,2,3,55,Wisconsin,2012,5719960,14672,67659,47862,19797,5692,-10462,-4770,-355,11.843769168,8.3782864057,3.4654827624,0.9963897501,-1.831382566,-0.834992816
40,2,3,55,Wisconsin,2013,5736754,16794,66892,50037,16855,7838,-7458,380,-441,11.67734483,8.7349653662,2.9423794641,1.3682806431,-1.301943995,0.0663366477
40,2,3,55,Wisconsin,2014,5751525,14771,67061,49334,17727,7604,-10025,-2421,-535,11.674681647,8.5885797168,3.0861019305,1.3237840063,-1.745257057,-0.421473051
40,2,3,55,Wisconsin,2015,5760940,9415,67156,51244,15912,8931,-15083,-6152,-345,11.666658704,8.902350626,2.7643080782,1.5515356616,-2.620290268,-1.068754606
40,2,3,55,Wisconsin,2016,5772628,11688,66803,51341,15462,7770,-11395,-3625,-149,11.584099561,8.9028824385,2.6812171221,1.3473714292,-1.975971356,-0.628599927
40,2,3,55,Wisconsin,2017,5790186,17558,65943,52403,13540,7680,-3460,4220,-202,11.406047006,9.0640565523,2.3419904532,1.3283963575,-0.598470234,0.7299261235
40,2,3,55,Wisconsin,2018,5807406,17220,64194,51254,12940,5296,-871,4425,-145,11.070229061,8.8387313504,2.2314977109,0.9132930353,-0.150203594,0.7630894413
40,2,3,55,Wisconsin,2019,5822434,15028,63712,50393,13319,3341,-1438,1903,-194,10.956642568,8.6661553383,2.2904872294,0.5745564857,-0.24729489,0.327261596
40,4,8,56,Wyoming,2010,564487,712,1994,1289,705,171,-227,-56,63,12.678093389888891,8.073156832444445,4.604936557522222,0.6121418306444445,-2.5185029123666665,-1.9063610818999999
40,4,8,56,Wyoming,2011,567299,2812,7470,4444,3026,-242,27,-215,1,13.200375336,7.8530746979,5.3473006381,-0.427642682,0.0477122,-0.379930482
40,4,8,56,Wyoming,2012,576305,9006,7436,4381,3055,455,5274,5729,222,13.004501558,7.6617430509,5.3427585073,0.7957299905,9.2234724607,10.019202451
40,4,8,56,Wyoming,2013,582122,5817,7511,4614,2897,468,2349,2817,103,12.967584492,7.96597455,5.0016099418,0.807992217,4.055499397,4.8634916141
40,4,8,56,Wyoming,2014,582531,409,7714,4527,3187,-262,-2543,-2805,27,13.246864087,7.7739893342,5.4728747533,-0.449919418,-4.366965955,-4.816885373
40,4,8,56,Wyoming,2015,585613,3082,7798,4824,2974,720,-599,121,-13,13.351093701,8.2592557082,5.0918379926,1.2327247326,-1.025558493,0.2071662398
40,4,8,56,Wyoming,2016,584215,-1398,7581,4790,2791,402,-4603,-4201,12,12.960879719,8.189238076,4.771641643,0.6872805233,-7.869532957,-7.182252434
40,4,8,56,Wyoming,2017,578931,-5284,7179,4754,2425,605,-8353,-7748,39,12.344108134,8.1743822358,4.1697258986,1.0402821314,-14.36277131,-13.32248918
40,4,8,56,Wyoming,2018,577601,-1330,6714,4732,1982,516,-3827,-3311,-1,11.610573681,8.1830852929,3.4274883877,0.8923229102,-6.618061584,-5.725738674
40,4,8,56,Wyoming,2019,578759,1158,6601,4971,1630,538,-1012,-474,2,11.416859801,8.5976685461,2.8191912553,0.9305060708,-1.75031997,-0.819813899
40,X,X,72,Puerto Rico,2010,3721525,-4632,9603,7138,2465,-7097,0,-7097,0,9.124836598355555,8.499006658955556,0.6258299394222223,-17.6199145216,0.0,-17.6199145216
40,X,X,72,Puerto Rico,2011,3678732,-42793,41243,30260,10983,-53776,0,-53776,0,11.146369646,8.1780943554,2.968275291,-14.53354931,0.0,-14.53354931
40,X,X,72,Puerto Rico,2012,3634488,-44244,40282,29742,10540,-54784,0,-54784,0,11.016214472,8.1337632397,2.8824512322,-14.98218295,0.0,-14.98218295
40,X,X,72,Puerto Rico,2013,3593077,-41411,37871,29399,8472,-49883,0,-49883,0,10.47960136,8.1352433358,2.3443580238,-13.80354241,0.0,-13.80354241
40,X,X,72,Puerto Rico,2014,3534874,-58203,35717,28831,6886,-65089,0,-65089,0,10.02167383,8.0895617829,1.9321120473,-18.26303239,0.0,-18.26303239
40,X,X,72,Puerto Rico,2015,3473232,-61642,32967,29852,3115,-64757,0,-64757,0,9.4082481058,8.5192775338,0.8889705721,-18.48059947,0.0,-18.48059947
40,X,X,72,Puerto Rico,2016,3406672,-66560,30109,28391,1718,-68278,0,-68278,0,8.7527384103,8.2533128369,0.4994255734,-19.84853277,0.0,-19.84853277
40,X,X,72,Puerto Rico,2017,3325286,-81386,26233,29431,-3198,-78188,0,-78188,0,7.793572093,8.7436671471,-0.950095054,-23.22890309,0.0,-23.22890309
40,X,X,72,Puerto Rico,2018,3193354,-131932,22148,30681,-8533,-123399,0,-123399,0,6.7952824516,9.4133132064,-2.618030755,-37.86035124,0.0,-37.86035124
40,X,X,72,Puerto Rico,2019,3193694,340,21428,28821,-7393,7733,0,7733,0,6.7098290165,9.0248264926,-2.314997476,2.4214629356,0.0,2.4214629356
